StudyCode,SRA,Layout
BZ1,ERR4144822,Paired
BZ1,ERR4144823,Paired
BZ1,ERR4144824,Paired
BZ1,ERR4144825,Paired
BZ1,ERR4144826,Paired
BZ1,ERR4144827,Paired
BZ1,ERR4144828,Paired
BZ1,ERR4144829,Paired
BZ1,ERR4144830,Paired
BZ1,ERR4144831,Paired
BZ1,ERR4144832,Paired
BZ1,ERR4144833,Paired
BZ1,ERR4144834,Paired
BZ1,ERR4144835,Paired
BZ1,ERR4144836,Paired
BZ1,ERR4144837,Paired
BZ1,ERR4144838,Paired
BZ1,ERR4144839,Paired
BZ1,ERR4144840,Paired
BZ1,ERR4144841,Paired
BZ1,ERR4144842,Paired
BZ1,ERR4144843,Paired
BZ1,ERR4144844,Paired
BZ1,ERR4144845,Paired
BZ1,ERR4144846,Paired
BZ1,ERR4144847,Paired
BZ1,ERR4144848,Paired
BZ1,ERR4144849,Paired
BZ1,ERR4144850,Paired
BZ1,ERR4144851,Paired
BZ1,ERR4144852,Paired
BZ1,ERR4144853,Paired
BZ1,ERR4144854,Paired
BZ1,ERR4144855,Paired
BZ1,ERR4144856,Paired
BZ1,ERR4144857,Paired
BZ1,ERR4144858,Paired
BZ1,ERR4144859,Paired
BZ1,ERR4144860,Paired
BZ1,ERR4144861,Paired
BZ1,ERR4144862,Paired
BZ1,ERR4144863,Paired
BZ1,ERR4144864,Paired
BZ1,ERR4144865,Paired
BZ1,ERR4144866,Paired
BZ1,ERR4144867,Paired
BZ1,ERR4144868,Paired
BZ1,ERR4144869,Paired
BZ1,ERR4144870,Paired
BZ1,ERR4144871,Paired
BZ1,ERR4144872,Paired
SK3,ERR3603283,Paired
SK3,ERR3603284,Paired
SK3,ERR3603285,Paired
SK3,ERR3603286,Paired
SK3,ERR3603287,Paired
SK3,ERR3603288,Paired
SK3,ERR3603289,Paired
SK3,ERR3603290,Paired
SK3,ERR3603291,Paired
SK3,ERR3603292,Paired
SK3,ERR3603293,Paired
SK3,ERR3603294,Paired
SK3,ERR3603295,Paired
SK3,ERR3603296,Paired
SK3,ERR3603297,Paired
SK3,ERR3603298,Paired
SK3,ERR3603299,Paired
SK3,ERR3603300,Paired
SK3,ERR3603301,Paired
SK3,ERR3603302,Paired
SK3,ERR3603303,Paired
SK3,ERR3603304,Paired
SK3,ERR3603305,Paired
SK3,ERR3603306,Paired
SK3,ERR3603307,Paired
SK3,ERR3603308,Paired
SK3,ERR3603309,Paired
SK3,ERR3603310,Paired
SK3,ERR3603311,Paired
SK3,ERR3603312,Paired
SK3,ERR3603313,Paired
SK3,ERR3603314,Paired
SK3,ERR3603315,Paired
SK3,ERR3603316,Paired
SK3,ERR3603317,Paired
SK3,ERR3603318,Paired
SK3,ERR3603319,Paired
SK3,ERR3603320,Paired
SK3,ERR3603321,Paired
SK3,ERR3603322,Paired
SK3,ERR3603323,Paired
SK3,ERR3603324,Paired
SK3,ERR3603325,Paired
SK3,ERR3603326,Paired
SK3,ERR3603327,Paired
SK3,ERR3603328,Paired
SK3,ERR3603329,Paired
SK3,ERR3603330,Paired
SK3,ERR3603331,Paired
SK3,ERR3603332,Paired
SK3,ERR3603333,Paired
SK3,ERR3603334,Paired
SK3,ERR3603335,Paired
SK3,ERR3603336,Paired
SK3,ERR3603337,Paired
SK3,ERR3603338,Paired
SK3,ERR3603339,Paired
SK3,ERR3603340,Paired
SK3,ERR3603341,Paired
SK3,ERR3603342,Paired
SK3,ERR3603343,Paired
SK3,ERR3603344,Paired
SK3,ERR3603345,Paired
SK3,ERR3603346,Paired
SK3,ERR3603347,Paired
SK3,ERR3603373,Paired
SK3,ERR3603374,Paired
SK3,ERR3603375,Paired
SK3,ERR3603376,Paired
SK3,ERR3603377,Paired
SK3,ERR3603378,Paired
SK3,ERR3603379,Paired
SK3,ERR3603380,Paired
SK3,ERR3603381,Paired
SK3,ERR3603382,Paired
SK3,ERR3603383,Paired
SK3,ERR3603384,Paired
SK3,ERR3603385,Paired
SK3,ERR3603386,Paired
SK3,ERR3603387,Paired
SK3,ERR3603388,Paired
SK3,ERR3603389,Paired
SK3,ERR3603390,Paired
SK3,ERR3603391,Paired
SK3,ERR3603392,Paired
SK3,ERR3603393,Paired
SK3,ERR3603394,Paired
SK3,ERR3603395,Paired
SK3,ERR3603396,Paired
SK3,ERR3603397,Paired
SK3,ERR3603398,Paired
SK3,ERR3603399,Paired
SK3,ERR3603400,Paired
SK3,ERR3603401,Paired
SK3,ERR3603402,Paired
SK3,ERR3603403,Paired
SK3,ERR3603404,Paired
SK3,ERR3603405,Paired
SK3,ERR3603406,Paired
SK3,ERR3603407,Paired
SK3,ERR3603408,Paired
SK3,ERR3603409,Paired
SK3,ERR3603410,Paired
SK3,ERR3603411,Paired
SK3,ERR3603412,Paired
SK3,ERR3603413,Paired
SK3,ERR3603414,Paired
SK3,ERR3603415,Paired
SK3,ERR3603416,Paired
SK3,ERR3603417,Paired
SK3,ERR3603418,Paired
SK3,ERR3603419,Paired
SK3,ERR3603420,Paired
SK3,ERR3603421,Paired
SK3,ERR3603422,Paired
SK3,ERR3603423,Paired
SK3,ERR3603424,Paired
SK3,ERR3603425,Paired
SK3,ERR3603426,Paired
SK3,ERR3603427,Paired
SK3,ERR3603428,Paired
SK3,ERR3603429,Paired
SK3,ERR3603430,Paired
SK3,ERR3603431,Paired
SK3,ERR3603432,Paired
SK3,ERR3603433,Paired
SK3,ERR3603434,Paired
SK3,ERR3603435,Paired
SK3,ERR3603436,Paired
SK3,ERR3603437,Paired
SK3,ERR3603463,Paired
SK3,ERR3603464,Paired
SK3,ERR3603465,Paired
SK3,ERR3603466,Paired
SK3,ERR3603467,Paired
SK3,ERR3603468,Paired
SK3,ERR3603469,Paired
SK3,ERR3603470,Paired
SK3,ERR3603471,Paired
SK3,ERR3603472,Paired
SK3,ERR3603473,Paired
SK3,ERR3603474,Paired
SK3,ERR3603475,Paired
SK3,ERR3603476,Paired
SK3,ERR3603477,Paired
SK3,ERR3603478,Paired
SK3,ERR3603479,Paired
SK3,ERR3603480,Paired
SK3,ERR3603481,Paired
SK3,ERR3603482,Paired
SK3,ERR3603483,Paired
SK3,ERR3603484,Paired
SK3,ERR3603485,Paired
SK3,ERR3603486,Paired
SK3,ERR3603487,Paired
SK3,ERR3603488,Paired
SK3,ERR3603489,Paired
SK3,ERR3603490,Paired
SK3,ERR3603491,Paired
SK3,ERR3603492,Paired
SK3,ERR3603493,Paired
SK3,ERR3603494,Paired
SK3,ERR3603495,Paired
SK3,ERR3603496,Paired
SK3,ERR3603497,Paired
SK3,ERR3603498,Paired
SK3,ERR3603499,Paired
SK3,ERR3603500,Paired
SK3,ERR3603501,Paired
SK3,ERR3603502,Paired
SK3,ERR3603503,Paired
SK3,ERR3603504,Paired
SK3,ERR3603505,Paired
SK3,ERR3603506,Paired
SK3,ERR3603507,Paired
SK3,ERR3603508,Paired
SK3,ERR3603509,Paired
SK3,ERR3603510,Paired
SK3,ERR3603511,Paired
SK3,ERR3603512,Paired
SK3,ERR3603513,Paired
SK3,ERR3603514,Paired
SK3,ERR3603515,Paired
SK3,ERR3603516,Paired
SK3,ERR3603517,Paired
SK3,ERR3603518,Paired
SK3,ERR3603519,Paired
SK3,ERR3603520,Paired
SK3,ERR3603521,Paired
SK3,ERR3603522,Paired
SK3,ERR3603523,Paired
SK3,ERR3603524,Paired
SK3,ERR3603525,Paired
SK3,ERR3603526,Paired
SK3,ERR3603527,Paired
SK3,ERR3603553,Paired
SK3,ERR3603554,Paired
SK3,ERR3603555,Paired
SK3,ERR3603556,Paired
SK3,ERR3603557,Paired
SK3,ERR3603558,Paired
SK3,ERR3603559,Paired
SK3,ERR3603560,Paired
SK3,ERR3603561,Paired
SK3,ERR3603562,Paired
SK3,ERR3603563,Paired
SK3,ERR3603564,Paired
SK3,ERR3603565,Paired
SK3,ERR3603566,Paired
SK3,ERR3603567,Paired
SK3,ERR3603568,Paired
SK3,ERR3603569,Paired
SK3,ERR3603570,Paired
SK3,ERR3603571,Paired
SK3,ERR3603572,Paired
SK3,ERR3603573,Paired
SK3,ERR3603574,Paired
SK3,ERR3603575,Paired
SK3,ERR3603576,Paired
SK3,ERR3603577,Paired
SK3,ERR3603578,Paired
SK3,ERR3603579,Paired
SK3,ERR3603580,Paired
SK3,ERR3603581,Paired
SK3,ERR3603582,Paired
SK3,ERR3603583,Paired
SK3,ERR3603584,Paired
SK3,ERR3603585,Paired
SK3,ERR3603586,Paired
SK3,ERR3603587,Paired
SK3,ERR3603588,Paired
SK3,ERR3603589,Paired
SK3,ERR3603590,Paired
SK3,ERR3603591,Paired
SK3,ERR3603592,Paired
SK3,ERR3603593,Paired
SK3,ERR3603594,Paired
SK3,ERR3603595,Paired
SK3,ERR3603596,Paired
SK3,ERR3603597,Paired
SK3,ERR3603598,Paired
SK3,ERR3603599,Paired
SK3,ERR3603600,Paired
SK3,ERR3603601,Paired
SK3,ERR3603602,Paired
SK3,ERR3603603,Paired
SK3,ERR3603604,Paired
SK3,ERR3603605,Paired
SK3,ERR3603606,Paired
SK3,ERR3603607,Paired
SK3,ERR3603608,Paired
SK3,ERR3603609,Paired
SK3,ERR3603610,Paired
SK3,ERR3603611,Paired
SK3,ERR3603612,Paired
SK3,ERR3603613,Paired
SK3,ERR3603614,Paired
SK3,ERR3603615,Paired
SK3,ERR3603616,Paired
SK3,ERR3603617,Paired
SP4,SRR7127609,Paired
SP4,SRR7127610,Paired
SP4,SRR7127614,Paired
SP4,SRR7127615,Paired
SP4,SRR7127616,Paired
SP4,SRR7127617,Paired
SP4,SRR7127630,Paired
SP4,SRR7127631,Paired
SP4,SRR7127632,Paired
SL7,SRR11293421,Paired
SL7,SRR11293424,Paired
SL7,SRR11293426,Paired
SL7,SRR11293428,Paired
SL7,SRR11293430,Paired
SL7,SRR11293432,Paired
SL7,SRR11293433,Paired
SL7,SRR11293435,Paired
SL7,SRR11293438,Paired
SL7,SRR11293440,Paired
SL7,SRR11293443,Paired
SL7,SRR11293445,Paired
SL7,SRR11293447,Paired
SL7,SRR11293448,Paired
SL7,SRR11293450,Paired
SL7,SRR11293451,Paired
SL7,SRR11293453,Paired
SL7,SRR11293454,Paired
SL7,SRR11293456,Paired
SL7,SRR11293458,Paired
SL7,SRR11293459,Paired
SL7,SRR11293461,Paired
SL7,SRR11293462,Paired
SL7,SRR11293465,Paired
SL7,SRR11293467,Paired
SL7,SRR11293469,Paired
SL7,SRR11293470,Paired
SL7,SRR11293471,Paired
SL7,SRR11293472,Paired
SL7,SRR11293474,Paired
SL7,SRR11293476,Paired
SL7,SRR11293478,Paired
SL7,SRR11293481,Paired
SL7,SRR11293484,Paired
SL7,SRR11293487,Paired
SL7,SRR11293489,Paired
SL7,SRR11293491,Paired
SL7,SRR11293419,Paired
SL7,SRR11293420,Paired
SL7,SRR11293422,Paired
SL7,SRR11293423,Paired
SL7,SRR11293425,Paired
SL7,SRR11293427,Paired
SL7,SRR11293429,Paired
SL7,SRR11293431,Paired
SL7,SRR11293434,Paired
SL7,SRR11293436,Paired
SL7,SRR11293437,Paired
SL7,SRR11293439,Paired
SL7,SRR11293441,Paired
SL7,SRR11293442,Paired
SL7,SRR11293444,Paired
SL7,SRR11293446,Paired
SL7,SRR11293449,Paired
SL7,SRR11293452,Paired
SL7,SRR11293455,Paired
SL7,SRR11293457,Paired
SL7,SRR11293460,Paired
SL7,SRR11293463,Paired
SL7,SRR11293464,Paired
SL7,SRR11293466,Paired
SL7,SRR11293468,Paired
SL7,SRR11293473,Paired
SL7,SRR11293475,Paired
SL7,SRR11293477,Paired
SL7,SRR11293479,Paired
SL7,SRR11293480,Paired
SL7,SRR11293482,Paired
SL7,SRR11293483,Paired
SL7,SRR11293485,Paired
SL7,SRR11293486,Paired
SL7,SRR11293488,Paired
SL7,SRR11293490,Paired
SL7,SRR11293492,Paired
MK8,SRR6439219,Paired
MK8,SRR6439220,Paired
MK8,SRR6439221,Paired
MK8,SRR6439222,Paired
MK8,SRR6439223,Paired
MK8,SRR6439224,Paired
MK8,SRR6439225,Paired
MK8,SRR6439226,Paired
MK8,SRR6439227,Paired
MK8,SRR6439228,Paired
MK8,SRR6439229,Paired
MK8,SRR6439230,Paired
MK8,SRR6439231,Paired
MK8,SRR6439232,Paired
MK8,SRR6439233,Paired
MK8,SRR6439234,Paired
MK8,SRR6439235,Paired
MK8,SRR6439236,Paired
MK8,SRR6439237,Paired
MK8,SRR6439238,Paired
MK8,SRR6439239,Paired
MK8,SRR6439240,Paired
MK8,SRR6439241,Paired
MK8,SRR6439242,Paired
MK8,SRR6439243,Paired
MK8,SRR6439244,Paired
MK8,SRR6439245,Paired
MK8,SRR6439246,Paired
MK8,SRR6439247,Paired
MK8,SRR6439248,Paired
MK8,SRR6439249,Paired
MK8,SRR6439250,Paired
MK8,SRR6439251,Paired
MK8,SRR6439252,Paired
MK8,SRR6439253,Paired
MK8,SRR6439254,Paired
MK8,SRR6439255,Paired
MK8,SRR6439256,Paired
MK8,SRR6439257,Paired
MK8,SRR6439258,Paired
MK8,SRR6439259,Paired
MK8,SRR6439260,Paired
MK8,SRR6439261,Paired
MK8,SRR6439262,Paired
MK8,SRR6439263,Paired
MK8,SRR6439264,Paired
MK8,SRR6439265,Paired
MK8,SRR6439266,Paired
MK8,SRR6439267,Paired
MK8,SRR6439268,Paired
MK8,SRR6439269,Paired
MK8,SRR6439270,Paired
MK8,SRR6439271,Paired
MK8,SRR6439272,Paired
MK8,SRR6439273,Paired
MK8,SRR6439274,Paired
MK8,SRR6439275,Paired
MK8,SRR6439276,Paired
MK8,SRR6439277,Paired
MK8,SRR6439278,Paired
MK8,SRR6439279,Paired
MK8,SRR6439280,Paired
MK8,SRR6439281,Paired
MK8,SRR6439282,Paired
MK8,SRR6439283,Paired
MK8,SRR6439284,Paired
MK8,SRR6439285,Paired
MK8,SRR6439286,Paired
MK8,SRR6439287,Paired
MK8,SRR6439288,Paired
MK8,SRR6439289,Paired
MK8,SRR6439290,Paired
MK8,SRR6439291,Paired
MK8,SRR6439292,Paired
CL9,SRR8610475,Paired
CL9,SRR8610476,Paired
CL9,SRR8610477,Paired
CL9,SRR8610478,Paired
CL9,SRR8610479,Paired
CL9,SRR8610480,Paired
CL9,SRR8610481,Paired
CL9,SRR8610482,Paired
CL9,SRR8610483,Paired
CL9,SRR8610484,Paired
CL9,SRR8610485,Paired
CL9,SRR8610486,Paired
CL9,SRR8610487,Paired
CL9,SRR8610488,Paired
CL9,SRR8610489,Paired
CL9,SRR8610490,Paired
CL9,SRR8610493,Paired
CL9,SRR8610494,Paired
CL9,SRR8610495,Paired
CL9,SRR8610496,Paired
CL9,SRR8610497,Paired
CL9,SRR8610498,Paired
CL9,SRR8610499,Paired
CL9,SRR8610500,Paired
CL9,SRR8610501,Paired
CL9,SRR8610502,Paired
CL9,SRR8610503,Paired
CL9,SRR8610505,Paired
CL9,SRR8610506,Paired
CL9,SRR8610508,Paired
CL9,SRR8610509,Paired
CL9,SRR8610510,Paired
CL9,SRR8610511,Paired
CL9,SRR8610512,Paired
CL9,SRR8610513,Paired
CL9,SRR8610514,Paired
CL9,SRR8610515,Paired
CL9,SRR8610516,Paired
CL9,SRR8610517,Paired
CL9,SRR8610518,Paired
CL9,SRR8610519,Paired
CL9,SRR8610520,Paired
BH10,ERR3610261,Paired
BH10,ERR3610262,Paired
BH10,ERR3610263,Paired
BH10,ERR3610264,Paired
BH10,ERR3610266,Paired
BH10,ERR3610267,Paired
BH10,ERR3610268,Paired
BH10,ERR3610270,Paired
BH10,ERR3610273,Paired
BH10,ERR3610276,Paired
BH10,ERR3610277,Paired
BH10,ERR3610278,Paired
BH10,ERR3610279,Paired
BH10,ERR3610281,Paired
BH10,ERR3610282,Paired
BH10,ERR3610284,Paired
BH10,ERR3610285,Paired
BH10,ERR3610286,Paired
BH10,ERR3610287,Paired
BH10,ERR3610289,Paired
BH10,ERR3610290,Paired
BH10,ERR3610292,Paired
BH10,ERR3610294,Paired
BH10,ERR3610296,Paired
BH10,ERR3610297,Paired
BH10,ERR3610300,Paired
BH10,ERR3610302,Paired
BH10,ERR3610303,Paired
BH10,ERR3610305,Paired
BH10,ERR3610306,Paired
BH10,ERR3610307,Paired
BH10,ERR3610308,Paired
BH10,ERR3610311,Paired
BH10,ERR3610312,Paired
BH10,ERR3610313,Paired
BH10,ERR3610314,Paired
BH10,ERR3610316,Paired
BH10,ERR3610317,Paired
BH10,ERR3610318,Paired
BH10,ERR3610319,Paired
BH10,ERR3610321,Paired
BH10,ERR3610323,Paired
BH10,ERR3610324,Paired
BH10,ERR3610326,Paired
BH10,ERR3610327,Paired
BH10,ERR3610329,Paired
BH10,ERR3610330,Paired
BH10,ERR3610333,Paired
BH10,ERR3610334,Paired
BH10,ERR3610336,Paired
BH10,ERR3610337,Paired
BH10,ERR3610339,Paired
BH10,ERR3610341,Paired
BH10,ERR3610342,Paired
BH10,ERR3610344,Paired
BH10,ERR3610345,Paired
BH10,ERR3610346,Paired
BH10,ERR3610347,Paired
BH10,ERR3610348,Paired
BH10,ERR3610349,Paired
BH10,ERR3610351,Paired
BH10,ERR3610354,Paired
BH10,ERR3610356,Paired
BH10,ERR3610357,Paired
BH10,ERR3610358,Paired
BH10,ERR3610361,Paired
BH10,ERR3610362,Paired
BH10,ERR3610364,Paired
BH10,ERR3610365,Paired
BH10,ERR3610366,Paired
BH10,ERR3610368,Paired
BH10,ERR3610369,Paired
BH10,ERR3610370,Paired
BH10,ERR3610372,Paired
BH10,ERR3610373,Paired
BH10,ERR3610379,Paired
BH10,ERR3610260,Paired
BH10,ERR3610265,Paired
BH10,ERR3610269,Paired
BH10,ERR3610271,Paired
BH10,ERR3610272,Paired
BH10,ERR3610274,Paired
BH10,ERR3610275,Paired
BH10,ERR3610280,Paired
BH10,ERR3610283,Paired
BH10,ERR3610288,Paired
BH10,ERR3610291,Paired
BH10,ERR3610293,Paired
BH10,ERR3610295,Paired
BH10,ERR3610298,Paired
BH10,ERR3610299,Paired
BH10,ERR3610301,Paired
BH10,ERR3610304,Paired
BH10,ERR3610309,Paired
BH10,ERR3610310,Paired
BH10,ERR3610315,Paired
BH10,ERR3610320,Paired
BH10,ERR3610322,Paired
BH10,ERR3610325,Paired
BH10,ERR3610328,Paired
BH10,ERR3610331,Paired
BH10,ERR3610332,Paired
BH10,ERR3610335,Paired
BH10,ERR3610338,Paired
BH10,ERR3610340,Paired
BH10,ERR3610343,Paired
BH10,ERR3610350,Paired
BH10,ERR3610352,Paired
BH10,ERR3610353,Paired
BH10,ERR3610355,Paired
BH10,ERR3610359,Paired
BH10,ERR3610360,Paired
BH10,ERR3610363,Paired
BH10,ERR3610367,Paired
BH10,ERR3610371,Paired
BH10,ERR3610374,Paired
BH10,ERR3610375,Paired
BH10,ERR3610376,Paired
BH10,ERR3610377,Paired
BH10,ERR3610378,Paired
LN11,SRR8207253,Paired
LN11,SRR8207254,Paired
LN11,SRR8207255,Paired
LN11,SRR8207256,Paired
LN11,SRR8207257,Paired
LN11,SRR8207258,Paired
LN11,SRR8207259,Paired
LN11,SRR8207260,Paired
LN11,SRR8207261,Paired
LN11,SRR8207262,Paired
LN11,SRR8207263,Paired
LN11,SRR8207264,Paired
LN11,SRR8207265,Paired
LN11,SRR8207266,Paired
LN11,SRR8207267,Paired
LN11,SRR8207268,Paired
LN11,SRR8207269,Paired
LN11,SRR8207270,Paired
LN11,SRR8207271,Paired
LN11,SRR8207272,Paired
LN11,SRR8207273,Paired
LN11,SRR8207274,Paired
LN11,SRR8207275,Paired
LN11,SRR8207276,Paired
LN11,SRR8207277,Paired
LN11,SRR8207278,Paired
LN11,SRR8207279,Paired
LN11,SRR8207280,Paired
LN11,SRR8207281,Paired
LN11,SRR8207282,Paired
LN11,SRR8207283,Paired
LN11,SRR8207284,Paired
LN11,SRR8207285,Paired
LN11,SRR8207286,Paired
LN11,SRR8207287,Paired
LN11,SRR8207288,Paired
LN11,SRR8207289,Paired
LN11,SRR8207290,Paired
LN11,SRR8207291,Paired
LN11,SRR8207292,Paired
LN11,SRR8207293,Paired
LN11,SRR8207294,Paired
LN11,SRR8207295,Paired
LN11,SRR8207296,Paired
LN11,SRR8207297,Paired
LN11,SRR8207298,Paired
LN11,SRR8207299,Paired
LN11,SRR8207300,Paired
LN11,SRR8207301,Paired
LN11,SRR8207302,Paired
LN11,SRR8207303,Paired
LN11,SRR8207304,Paired
LN11,SRR8207305,Paired
LN11,SRR8207306,Paired
LN11,SRR8207307,Paired
LN11,SRR8207308,Paired
LN11,SRR8207309,Paired
LN11,SRR8207310,Paired
LN11,SRR8207311,Paired
LN11,SRR8207312,Paired
LN11,SRR8207313,Paired
LN11,SRR8207314,Paired
LN11,SRR8207315,Paired
LN11,SRR8207316,Paired
LN11,SRR8207317,Paired
LN11,SRR8207318,Paired
LN11,SRR8207319,Paired
LN11,SRR8207320,Paired
LN11,SRR8207321,Paired
LN11,SRR8207322,Paired
LN11,SRR8207323,Paired
LN11,SRR8207324,Paired
LN11,SRR8207325,Paired
LN11,SRR8207326,Paired
LN11,SRR8207327,Paired
LN11,SRR8207328,Paired
LN11,SRR8207329,Paired
LN11,SRR8207330,Paired
LN11,SRR8207331,Paired
LN11,SRR8207332,Paired
LN11,SRR8207333,Paired
LN11,SRR8207334,Paired
LN11,SRR8207335,Paired
LN11,SRR8207336,Paired
LN11,SRR8207337,Paired
LN11,SRR8207338,Paired
LN11,SRR8207339,Paired
LN11,SRR8207340,Paired
LN11,SRR8207341,Paired
LN11,SRR8207342,Paired
SK13,ERR3792283,Paired
SK13,ERR3792284,Paired
SK13,ERR3792285,Paired
SK13,ERR3792286,Paired
SK13,ERR3792287,Paired
SK13,ERR3792288,Paired
SK13,ERR3792289,Paired
SK13,ERR3792290,Paired
SK13,ERR3792292,Paired
SK13,ERR3792295,Paired
SK13,ERR3792296,Paired
SK13,ERR3792298,Paired
SK13,ERR3792299,Paired
SK13,ERR3792301,Paired
SK13,ERR3792302,Paired
SK13,ERR3792303,Paired
SK13,ERR3792304,Paired
SK13,ERR3792306,Paired
SK13,ERR3792307,Paired
SK13,ERR3792308,Paired
SK13,ERR3792309,Paired
SK13,ERR3792310,Paired
SK13,ERR3792311,Paired
SK13,ERR3792313,Paired
SK13,ERR3792314,Paired
SK13,ERR3792315,Paired
SK13,ERR3792316,Paired
SK13,ERR3792317,Paired
SK13,ERR3792318,Paired
SK13,ERR3792319,Paired
SK13,ERR3792320,Paired
SK13,ERR3792321,Paired
SK13,ERR3792322,Paired
SK13,ERR3792324,Paired
SK13,ERR3792325,Paired
SK13,ERR3792326,Paired
SK13,ERR3792327,Paired
SK13,ERR3792328,Paired
SK13,ERR3792329,Paired
SK13,ERR3792330,Paired
SK13,ERR3792331,Paired
SK13,ERR3792332,Paired
SK13,ERR3792334,Paired
SK13,ERR3792336,Paired
SK13,ERR3792337,Paired
SK13,ERR3792338,Paired
SK13,ERR3792340,Paired
SK13,ERR3792341,Paired
SK13,ERR3792342,Paired
SK13,ERR3792343,Paired
SK13,ERR3792344,Paired
SK13,ERR3792345,Paired
SK13,ERR3792346,Paired
SK13,ERR3792347,Paired
SK13,ERR3792348,Paired
SK13,ERR3792350,Paired
SK13,ERR3792351,Paired
SK13,ERR3792353,Paired
SK13,ERR3792356,Paired
SK13,ERR3792357,Paired
SK13,ERR3792358,Paired
SK13,ERR3792359,Paired
SK13,ERR3792361,Paired
SK13,ERR3792362,Paired
SK13,ERR3792363,Paired
SK13,ERR3792364,Paired
SK13,ERR3792365,Paired
SK13,ERR3792367,Paired
SK13,ERR3792368,Paired
SK13,ERR3792369,Paired
SK13,ERR3792371,Paired
SK13,ERR3792372,Paired
SK13,ERR3792375,Paired
SK13,ERR3792376,Paired
SK13,ERR3792379,Paired
SK13,ERR3792380,Paired
SK13,ERR3792381,Paired
SK13,ERR3792382,Paired
SK13,ERR3792383,Paired
SK13,ERR3792384,Paired
SK13,ERR3792385,Paired
SK13,ERR3792388,Paired
SK13,ERR3792389,Paired
SK13,ERR3792390,Paired
SK13,ERR3792391,Paired
SK13,ERR3792392,Paired
SK13,ERR3792393,Paired
SK13,ERR3792395,Paired
SK13,ERR3792397,Paired
SK13,ERR3792398,Paired
SK13,ERR3792399,Paired
SK13,ERR3792400,Paired
SK13,ERR3792402,Paired
SK13,ERR3792403,Paired
SK13,ERR3792405,Paired
SK13,ERR3792406,Paired
SK13,ERR3792408,Paired
SK13,ERR3792409,Paired
SK13,ERR3792410,Paired
SK13,ERR3792413,Paired
SK13,ERR3792414,Paired
SK13,ERR3792419,Paired
SK13,ERR3792421,Paired
SK13,ERR3792422,Paired
SK13,ERR3792424,Paired
SK13,ERR3792425,Paired
SK13,ERR3792427,Paired
SK13,ERR3792428,Paired
SK13,ERR3792429,Paired
SK13,ERR3792431,Paired
SK13,ERR3792432,Paired
SK13,ERR3792433,Paired
SK13,ERR3792436,Paired
SK13,ERR3792437,Paired
SK13,ERR3792439,Paired
SK13,ERR3792440,Paired
SK13,ERR3792441,Paired
SK13,ERR3792442,Paired
SK13,ERR3792443,Paired
SK13,ERR3792444,Paired
SK13,ERR3792445,Paired
SK13,ERR3792446,Paired
SK13,ERR3792447,Paired
SK13,ERR3792448,Paired
SK13,ERR3792449,Paired
SK13,ERR3792451,Paired
SK13,ERR3792452,Paired
SK13,ERR3792457,Paired
SK13,ERR3792458,Paired
SK13,ERR3792459,Paired
SK13,ERR3792460,Paired
SK13,ERR3792461,Paired
SK13,ERR3792462,Paired
SK13,ERR3792464,Paired
SK13,ERR3792465,Paired
SK13,ERR3792466,Paired
SK13,ERR3792467,Paired
SK13,ERR3792468,Paired
SK13,ERR3792469,Paired
SK13,ERR3792470,Paired
SK13,ERR3792471,Paired
SK13,ERR3792472,Paired
SK13,ERR3792473,Paired
SK13,ERR3792474,Paired
SK13,ERR3792475,Paired
SK13,ERR3792476,Paired
SK13,ERR3792477,Paired
SK13,ERR3792478,Paired
SK13,ERR3792479,Paired
SK13,ERR3792480,Paired
SK13,ERR3792481,Paired
SK13,ERR3792482,Paired
SK13,ERR3792483,Paired
SK13,ERR3792484,Paired
SK13,ERR3792485,Paired
SK13,ERR3792486,Paired
SK13,ERR3792488,Paired
SK13,ERR3792489,Paired
SK13,ERR3792490,Paired
SK13,ERR3792491,Paired
SK13,ERR3792492,Paired
SK13,ERR3792493,Paired
SK13,ERR3792495,Paired
SK13,ERR3792496,Paired
SK13,ERR3792497,Paired
SK13,ERR3792498,Paired
SK13,ERR3792499,Paired
SK13,ERR3792500,Paired
SK13,ERR3792501,Paired
SK13,ERR3792502,Paired
SK13,ERR3792503,Paired
SK13,ERR3792504,Paired
SK13,ERR3792505,Paired
SK13,ERR3792506,Paired
SK13,ERR3792507,Paired
SK13,ERR3792508,Paired
SK13,ERR3792509,Paired
SK13,ERR3792510,Paired
SK13,ERR3792511,Paired
SK13,ERR3792512,Paired
SK13,ERR3792513,Paired
SK13,ERR3792514,Paired
SK13,ERR3792515,Paired
SK13,ERR3792516,Paired
SK13,ERR3792517,Paired
SK13,ERR3792518,Paired
SK13,ERR3792519,Paired
SK13,ERR3792520,Paired
SK13,ERR3792521,Paired
SK13,ERR3792522,Paired
SK13,ERR3792523,Paired
SK13,ERR3792524,Paired
SK13,ERR3792525,Paired
SK13,ERR3792526,Paired
SK13,ERR3792527,Paired
SK13,ERR3792528,Paired
SK13,ERR3792529,Paired
SK13,ERR3792530,Paired
SK13,ERR3792532,Paired
SK13,ERR3792533,Paired
SK13,ERR3792534,Paired
SK13,ERR3792535,Paired
SK13,ERR3792542,Paired
SK13,ERR3792543,Paired
SK13,ERR3792544,Paired
SK13,ERR3792545,Paired
SK13,ERR3792546,Paired
SK13,ERR3792547,Paired
SK13,ERR3792548,Paired
SK13,ERR3792549,Paired
SK13,ERR3792550,Paired
SK13,ERR3792551,Paired
SK13,ERR3792552,Paired
SK13,ERR3792555,Paired
SK13,ERR3792556,Paired
SK13,ERR3792557,Paired
SK13,ERR3792561,Paired
SK13,ERR3792564,Paired
SK13,ERR3792565,Paired
SK13,ERR3792567,Paired
SK13,ERR3792568,Paired
SK13,ERR3792570,Paired
SK13,ERR3792571,Paired
SK13,ERR3792572,Paired
SK13,ERR3792573,Paired
SK13,ERR3792574,Paired
SK13,ERR3792575,Paired
SK13,ERR3792576,Paired
SK13,ERR3792577,Paired
SK13,ERR3792578,Paired
SK13,ERR3792579,Paired
SK13,ERR3792582,Paired
SK13,ERR3792584,Paired
SK13,ERR3792588,Paired
SK13,ERR3792590,Paired
SK13,ERR3792591,Paired
SK13,ERR3792592,Paired
SK13,ERR3792593,Paired
SK13,ERR3792594,Paired
SK13,ERR3792595,Paired
SK13,ERR3792596,Paired
SK13,ERR3792597,Paired
SK13,ERR3792598,Paired
SK13,ERR3792599,Paired
SK13,ERR3792600,Paired
SK13,ERR3792601,Paired
SK13,ERR3792602,Paired
SK13,ERR3792603,Paired
SK13,ERR3792604,Paired
SK13,ERR3792605,Paired
SK13,ERR3792606,Paired
SK13,ERR3792608,Paired
SK13,ERR3792609,Paired
SK13,ERR3792615,Paired
SK13,ERR3792617,Paired
SK13,ERR3792618,Paired
SK13,ERR3792619,Paired
SK13,ERR3792620,Paired
SK13,ERR3792621,Paired
SK13,ERR3792622,Paired
SK13,ERR3792623,Paired
SK13,ERR3792624,Paired
SK13,ERR3792625,Paired
SK13,ERR3792626,Paired
SK13,ERR3792627,Paired
SK13,ERR3792628,Paired
SK13,ERR3792629,Paired
SK13,ERR3792630,Paired
SK13,ERR3792631,Paired
SK13,ERR3792632,Paired
SK13,ERR3792634,Paired
SK13,ERR3792635,Paired
SK13,ERR3792636,Paired
SK13,ERR3792638,Paired
SK13,ERR3792639,Paired
SK13,ERR3792641,Paired
SK13,ERR3792642,Paired
SK13,ERR3792291,Paired
SK13,ERR3792293,Paired
SK13,ERR3792294,Paired
SK13,ERR3792297,Paired
SK13,ERR3792300,Paired
SK13,ERR3792305,Paired
SK13,ERR3792312,Paired
SK13,ERR3792323,Paired
SK13,ERR3792333,Paired
SK13,ERR3792335,Paired
SK13,ERR3792339,Paired
SK13,ERR3792349,Paired
SK13,ERR3792352,Paired
SK13,ERR3792354,Paired
SK13,ERR3792355,Paired
SK13,ERR3792360,Paired
SK13,ERR3792366,Paired
SK13,ERR3792370,Paired
SK13,ERR3792373,Paired
SK13,ERR3792374,Paired
SK13,ERR3792377,Paired
SK13,ERR3792378,Paired
SK13,ERR3792386,Paired
SK13,ERR3792387,Paired
SK13,ERR3792394,Paired
SK13,ERR3792396,Paired
SK13,ERR3792401,Paired
SK13,ERR3792404,Paired
SK13,ERR3792407,Paired
SK13,ERR3792411,Paired
SK13,ERR3792412,Paired
SK13,ERR3792415,Paired
SK13,ERR3792416,Paired
SK13,ERR3792417,Paired
SK13,ERR3792418,Paired
SK13,ERR3792420,Paired
SK13,ERR3792423,Paired
SK13,ERR3792426,Paired
SK13,ERR3792430,Paired
SK13,ERR3792434,Paired
SK13,ERR3792435,Paired
SK13,ERR3792438,Paired
SK13,ERR3792450,Paired
SK13,ERR3792453,Paired
SK13,ERR3792454,Paired
SK13,ERR3792455,Paired
SK13,ERR3792456,Paired
SK13,ERR3792463,Paired
SK13,ERR3792487,Paired
SK13,ERR3792494,Paired
SK13,ERR3792531,Paired
SK13,ERR3792536,Paired
SK13,ERR3792537,Paired
SK13,ERR3792538,Paired
SK13,ERR3792539,Paired
SK13,ERR3792540,Paired
SK13,ERR3792541,Paired
SK13,ERR3792553,Paired
SK13,ERR3792554,Paired
SK13,ERR3792558,Paired
SK13,ERR3792559,Paired
SK13,ERR3792560,Paired
SK13,ERR3792562,Paired
SK13,ERR3792563,Paired
SK13,ERR3792566,Paired
SK13,ERR3792569,Paired
SK13,ERR3792580,Paired
SK13,ERR3792581,Paired
SK13,ERR3792583,Paired
SK13,ERR3792585,Paired
SK13,ERR3792586,Paired
SK13,ERR3792587,Paired
SK13,ERR3792589,Paired
SK13,ERR3792607,Paired
SK13,ERR3792610,Paired
SK13,ERR3792611,Paired
SK13,ERR3792612,Paired
SK13,ERR3792613,Paired
SK13,ERR3792614,Paired
SK13,ERR3792616,Paired
SK13,ERR3792633,Paired
SK13,ERR3792637,Paired
SK13,ERR3792640,Paired
HK14,ERR3310218,Paired
HK14,ERR3310219,Paired
HK14,ERR3310220,Paired
HK14,ERR3310221,Paired
HK14,ERR3310222,Paired
HK14,ERR3310223,Paired
HK14,ERR3310224,Paired
HK14,ERR3310225,Paired
HK14,ERR3310234,Paired
HK14,ERR3310235,Paired
HK14,ERR3310236,Paired
HK14,ERR3310237,Paired
HK14,ERR3310238,Paired
HK14,ERR3310239,Paired
HK14,ERR3310240,Paired
HK14,ERR3310241,Paired
HK14,ERR3310250,Paired
HK14,ERR3310251,Paired
HK14,ERR3310252,Paired
HK14,ERR3310253,Paired
HK14,ERR3310254,Paired
HK14,ERR3310255,Paired
HK14,ERR3310256,Paired
HK14,ERR3310257,Paired
HK14,ERR3310260,Paired
HK14,ERR3310261,Paired
HK14,ERR3310262,Paired
HK14,ERR3310263,Paired
HK14,ERR3310264,Paired
HK14,ERR3310265,Paired
HK14,ERR3310266,Paired
HK14,ERR3310267,Paired
HK14,ERR3310268,Paired
HK14,ERR3310269,Paired
HK14,ERR3310270,Paired
HK14,ERR3310271,Paired
HK14,ERR3310272,Paired
HK14,ERR3310273,Paired
CL15,SRR13685392,Paired
CL15,SRR13685393,Paired
CL15,SRR13685394,Paired
CL15,SRR13685395,Paired
CL15,SRR13685396,Paired
CL15,SRR13685397,Paired
CL15,SRR13685398,Paired
CL15,SRR13685399,Paired
CL15,SRR13685400,Paired
CL15,SRR13685401,Paired
CL15,SRR13685402,Paired
CL15,SRR13685403,Paired
CL15,SRR13685404,Paired
CL15,SRR13685405,Paired
CL15,SRR13685406,Paired
CL15,SRR13685407,Paired
CL15,SRR13685408,Paired
CL15,SRR13685409,Paired
CL15,SRR13685410,Paired
CL15,SRR13685411,Paired
CL15,SRR13685412,Paired
CL15,SRR13685413,Paired
CL15,SRR13685414,Paired
CL15,SRR13685415,Paired
CL15,SRR13685416,Paired
CL15,SRR13685417,Paired
CL15,SRR13685418,Paired
CL15,SRR13685419,Paired
CL15,SRR13685420,Paired
CL15,SRR13685421,Paired
CL15,SRR13685422,Paired
CL15,SRR13685423,Paired
CL15,SRR13685424,Paired
CL15,SRR13685425,Paired
CL15,SRR13685426,Paired
CL15,SRR13685427,Paired
CL15,SRR13685428,Paired
CL15,SRR13685429,Paired
CL15,SRR13685430,Paired
CL15,SRR13685431,Paired
CL15,SRR13685432,Paired
CL15,SRR13685433,Paired
CL15,SRR13685434,Paired
CL15,SRR13685435,Paired
CL15,SRR13685436,Paired
CL15,SRR13685437,Paired
CL15,SRR13685438,Paired
CL15,SRR13685439,Paired
CL15,SRR13685440,Paired
CL15,SRR13685441,Paired
CL15,SRR13685442,Paired
CL15,SRR13685443,Paired
CL15,SRR13685444,Paired
CL15,SRR13685445,Paired
CL15,SRR13685446,Paired
CL15,SRR13685447,Paired
CL15,SRR13685448,Paired
CL15,SRR13685449,Paired
CL15,SRR13685450,Paired
CL15,SRR13685451,Paired
CL15,SRR13685452,Paired
CL15,SRR13685453,Paired
CL15,SRR13685454,Paired
CL15,SRR13685455,Paired
CL15,SRR13685456,Paired
CL15,SRR13685457,Paired
CL15,SRR13685458,Paired
CL15,SRR13685459,Paired
CL15,SRR13685460,Paired
CL15,SRR13685461,Paired
CL15,SRR13685462,Paired
CL15,SRR13685463,Paired
CL15,SRR13685464,Paired
CL15,SRR13685465,Paired
CL15,SRR13685466,Paired
CL15,SRR13685467,Paired
CL15,SRR13685468,Paired
CL15,SRR13685469,Paired
CL15,SRR13685470,Paired
CL15,SRR13685471,Paired
CL15,SRR13685472,Paired
CL15,SRR13685473,Paired
CL15,SRR13685474,Paired
CL15,SRR13685475,Paired
CL15,SRR13685476,Paired
CL15,SRR13685477,Paired
CL15,SRR13685478,Paired
CL15,SRR13685479,Paired
CL15,SRR13685480,Paired
CL15,SRR13685481,Paired
AE16,DRR258157,Paired
AE16,DRR258158,Paired
AE16,DRR258159,Paired
AE16,DRR258160,Paired
AE16,DRR258161,Paired
AE16,DRR258162,Paired
AE16,DRR258163,Paired
AE16,DRR258164,Paired
AE16,DRR258165,Paired
CB18,SRR11653480,Paired
CB18,SRR11653481,Paired
CB18,SRR11653482,Paired
CB18,SRR11653483,Paired
CB18,SRR11653484,Paired
CB18,SRR11653485,Paired
CB18,SRR11653486,Paired
CB18,SRR11653487,Paired
CB18,SRR11653488,Paired
CB18,SRR11653489,Paired
CB18,SRR11653490,Paired
CB18,SRR11653491,Paired
CB18,SRR11653492,Paired
CB18,SRR11653493,Paired
CB18,SRR11653494,Paired
CB18,SRR11653495,Paired
CB18,SRR11653496,Paired
CB18,SRR11653497,Paired
CB18,SRR11653498,Paired
CB18,SRR11653499,Paired
CB18,SRR11653500,Paired
CB18,SRR11653501,Paired
CB18,SRR11653502,Paired
CB18,SRR11653503,Paired
CB18,SRR11653504,Paired
CB18,SRR11653505,Paired
CB18,SRR11653506,Paired
CB18,SRR11653507,Paired
CB18,SRR11653508,Paired
CB18,SRR11653509,Paired
CB18,SRR11653510,Paired
CB18,SRR11653511,Paired
CB18,SRR11653512,Paired
CB18,SRR11653513,Paired
CB18,SRR11653514,Paired
CB18,SRR11653515,Paired
CB18,SRR11653516,Paired
CB18,SRR11653517,Paired
CB18,SRR11653518,Paired
CB18,SRR11653519,Paired
CB18,SRR11653520,Paired
CB18,SRR11653521,Paired
CB18,SRR11653522,Paired
CB18,SRR11653523,Paired
CB18,SRR11653524,Paired
CB18,SRR11653525,Paired
CB18,SRR11653526,Paired
CB18,SRR11653527,Paired
CB18,SRR11653528,Paired
CB18,SRR11653529,Paired
CB18,SRR11653530,Paired
CB18,SRR11653531,Paired
CB18,SRR11653532,Paired
CB18,SRR11653533,Paired
CB18,SRR11653534,Paired
CB18,SRR11653535,Paired
CB18,SRR11653536,Paired
CB18,SRR11653537,Paired
CB18,SRR11653538,Paired
CB18,SRR11653539,Paired
CB18,SRR11653540,Paired
CB18,SRR11653541,Paired
CB18,SRR11653542,Paired
CB18,SRR11653543,Paired
CB18,SRR11653544,Paired
CB18,SRR11653545,Paired
CB18,SRR11653546,Paired
CB18,SRR11653547,Paired
CB18,SRR11653548,Paired
CB18,SRR11653549,Paired
CB18,SRR11653550,Paired
CB18,SRR11653551,Paired
CB18,SRR11653552,Paired
CB18,SRR11653553,Paired
CB18,SRR11653554,Paired
CB18,SRR11653555,Paired
CB18,SRR11653556,Paired
CB18,SRR11653557,Paired
CB18,SRR11653558,Paired
CB18,SRR11653559,Paired
CB18,SRR11653560,Paired
CB18,SRR11653561,Paired
CB18,SRR11653562,Paired
CB18,SRR11653563,Paired
CB18,SRR11653564,Paired
CB18,SRR11653565,Paired
CB18,SRR11653566,Paired
CB18,SRR11653567,Paired
CB18,SRR11653568,Paired
CB18,SRR11653569,Paired
CB18,SRR11653570,Paired
CB18,SRR11653571,Paired
CB18,SRR11653572,Paired
CB18,SRR11653573,Paired
CB18,SRR11653574,Paired
CB18,SRR11653575,Paired
CB18,SRR11653576,Paired
CB18,SRR11653577,Paired
CB18,SRR11653578,Paired
CB18,SRR11653579,Paired
CB18,SRR11653580,Paired
CB18,SRR11653581,Paired
CB18,SRR11653582,Paired
CB18,SRR11653583,Paired
CB18,SRR11653584,Paired
CB18,SRR11653585,Paired
CB18,SRR11653586,Paired
CB18,SRR11653587,Paired
CB18,SRR11653588,Paired
CB18,SRR11653589,Paired
CB18,SRR11653590,Paired
CB18,SRR11653591,Paired
CB18,SRR11653592,Paired
CB18,SRR11653593,Paired
CB18,SRR11653594,Paired
CB18,SRR11653595,Paired
CB18,SRR11653596,Paired
CB18,SRR11653597,Paired
CB18,SRR11653598,Paired
CB18,SRR11653599,Paired
CB18,SRR11653600,Paired
CB18,SRR11653601,Paired
CB18,SRR11653602,Paired
CB18,SRR11653603,Paired
CB18,SRR11653604,Paired
CB18,SRR11653605,Paired
CB18,SRR11653606,Paired
CB18,SRR11653607,Paired
CB18,SRR11653608,Paired
CB18,SRR11653609,Paired
CB18,SRR11653610,Paired
CB18,SRR11653611,Paired
CB18,SRR11653612,Paired
CB18,SRR11653613,Paired
CB18,SRR11653614,Paired
CB18,SRR11653615,Paired
CB18,SRR11653616,Paired
CB18,SRR11653617,Paired
CB18,SRR11653618,Paired
CB18,SRR11653619,Paired
CB18,SRR11653620,Paired
CB18,SRR11653621,Paired
CB18,SRR11653622,Paired
CB18,SRR11653623,Paired
CB18,SRR11653624,Paired
CB18,SRR11653625,Paired
CB18,SRR11653626,Paired
CB18,SRR11653627,Paired
CB18,SRR11653628,Paired
CB18,SRR11653629,Paired
CB18,SRR11653630,Paired
CB18,SRR11653631,Paired
CB18,SRR11653632,Paired
CB18,SRR11653633,Paired
CB18,SRR11653634,Paired
CB18,SRR11653635,Paired
CB18,SRR11653636,Paired
CB18,SRR11653637,Paired
CB18,SRR11653638,Paired
CB18,SRR11653639,Paired
CB18,SRR11653640,Paired
CB18,SRR11653641,Paired
CB18,SRR11653642,Paired
CB18,SRR11653643,Paired
CB18,SRR11653644,Paired
CB18,SRR11653645,Paired
CB18,SRR11653646,Paired
CB18,SRR11653647,Paired
CB18,SRR11653648,Paired
CB18,SRR11653649,Paired
CB18,SRR11653650,Paired
CB18,SRR11653651,Paired
CB18,SRR11653652,Paired
CB18,SRR11653653,Paired
CB18,SRR11653654,Paired
CB18,SRR11653655,Paired
CB18,SRR11653656,Paired
CB18,SRR11653657,Paired
CB18,SRR11653658,Paired
CB18,SRR11653659,Paired
CB18,SRR11653660,Paired
CB18,SRR11653661,Paired
CB18,SRR11653662,Paired
CB18,SRR11653663,Paired
CB18,SRR11653664,Paired
CB18,SRR11653665,Paired
CB18,SRR11653666,Paired
CB18,SRR11653667,Paired
CB18,SRR11653668,Paired
CB18,SRR11653669,Paired
CB18,SRR11653670,Paired
CB18,SRR11653671,Paired
CB18,SRR11653672,Paired
CB18,SRR11653673,Paired
CB18,SRR11653674,Paired
CB18,SRR11653675,Paired
CB18,SRR11653676,Paired
CB18,SRR11653677,Paired
CB18,SRR11653678,Paired
CB18,SRR11653679,Paired
CB18,SRR11653680,Paired
CB18,SRR11653681,Paired
CB18,SRR11653682,Paired
CB18,SRR11653683,Paired
CB18,SRR11653684,Paired
CB18,SRR11653685,Paired
CB18,SRR11653686,Paired
CB18,SRR11653687,Paired
CB18,SRR11653688,Paired
CB18,SRR11653689,Paired
CB18,SRR11653690,Paired
CB18,SRR11653691,Paired
CB18,SRR11653692,Paired
CB18,SRR11653693,Paired
CB18,SRR11653694,Paired
CB18,SRR11653695,Paired
CB18,SRR11653696,Paired
CB18,SRR11653697,Paired
CB18,SRR11653698,Paired
CB18,SRR11653699,Paired
CB18,SRR11653700,Paired
CB18,SRR11653701,Paired
CB18,SRR11653702,Paired
CB18,SRR11653703,Paired
CB18,SRR11653704,Paired
CB18,SRR11653705,Paired
CB18,SRR11653706,Paired
CB18,SRR11653707,Paired
CB18,SRR11653708,Paired
CB18,SRR11653709,Paired
CB18,SRR11653710,Paired
CB18,SRR11653711,Paired
CB18,SRR11653712,Paired
CB18,SRR11653713,Paired
CB18,SRR11653714,Paired
CB18,SRR11653715,Paired
CB18,SRR11653716,Paired
CB18,SRR11653717,Paired
CB18,SRR11653718,Paired
CB18,SRR11653719,Paired
CB18,SRR11653720,Paired
CB18,SRR11653721,Paired
CB18,SRR11653722,Paired
CB18,SRR11653723,Paired
CB18,SRR11653724,Paired
CB18,SRR11653725,Paired
CB18,SRR11653726,Paired
CB18,SRR11653727,Paired
CB18,SRR11653728,Paired
CB18,SRR11653729,Paired
CB18,SRR11653730,Paired
CB18,SRR11653731,Paired
CB18,SRR11653732,Paired
CB18,SRR11653733,Paired
CB18,SRR11653734,Paired
CB18,SRR11653735,Paired
CB18,SRR11653736,Paired
CB18,SRR11653737,Paired
CB18,SRR11653738,Paired
CB18,SRR11653739,Paired
CB18,SRR11653740,Paired
CB18,SRR11653741,Paired
CB18,SRR11653742,Paired
CB18,SRR11653743,Paired
CB18,SRR11653744,Paired
CB18,SRR11653745,Paired
CB18,SRR11653746,Paired
CB18,SRR11653747,Paired
CB18,SRR11653748,Paired
CB18,SRR11653749,Paired
CB18,SRR11653750,Paired
CB18,SRR11653751,Paired
CB18,SRR11653752,Paired
CB18,SRR11653753,Paired
CB18,SRR11653754,Paired
CB18,SRR11653755,Paired
CB18,SRR11653756,Paired
CB18,SRR11653757,Paired
CB18,SRR11653758,Paired
CB18,SRR11653759,Paired
CB18,SRR11653760,Paired
CB18,SRR11653761,Paired
CB18,SRR11653762,Paired
CB18,SRR11653763,Paired
CB18,SRR11653764,Paired
CB18,SRR11653765,Paired
CB18,SRR11653766,Paired
CB18,SRR11653767,Paired
CB18,SRR11653768,Paired
CB18,SRR11653769,Paired
CB18,SRR11653770,Paired
MB20,SRR9714957,Paired
MB20,SRR9714958,Paired
MB20,SRR9714959,Paired
MB20,SRR9714960,Paired
RK21,SRR10245279,Paired
RK21,SRR10245281,Paired
RK21,SRR10245283,Paired
RK21,SRR10245285,Paired
RK21,SRR10245286,Paired
RK21,SRR10245287,Paired
RK21,SRR10245289,Paired
RK21,SRR10245290,Paired
RK21,SRR10245292,Paired
RK21,SRR10245293,Paired
RK21,SRR10245295,Paired
RK21,SRR10245298,Paired
RK21,SRR10245300,Paired
RK21,SRR10245301,Paired
RK21,SRR10245303,Paired
RK21,SRR10245304,Paired
RK21,SRR10245306,Paired
RK21,SRR10245308,Paired
RK21,SRR10245310,Paired
RK21,SRR10245312,Paired
RK21,SRR10245314,Paired
RK21,SRR10245316,Paired
RK21,SRR10245321,Paired
RK21,SRR10245322,Paired
RK21,SRR10245324,Paired
RK21,SRR10245327,Paired
RK21,SRR10245328,Paired
RK21,SRR10245330,Paired
RK21,SRR10245332,Paired
RK21,SRR10245334,Paired
RK21,SRR10245335,Paired
RK21,SRR10245338,Paired
RK21,SRR10245340,Paired
RK21,SRR10245342,Paired
RK21,SRR10245343,Paired
RK21,SRR10245345,Paired
RK21,SRR10245347,Paired
RK21,SRR10245349,Paired
RK21,SRR10245351,Paired
RK21,SRR10245353,Paired
RK21,SRR7450706,Paired
RK21,SRR7450707,Paired
RK21,SRR7450708,Paired
RK21,SRR7450709,Paired
RK21,SRR7450710,Paired
RK21,SRR7450711,Paired
RK21,SRR7450712,Paired
RK21,SRR7450713,Paired
RK21,SRR7450714,Paired
RK21,SRR7450715,Paired
RK21,SRR7450716,Paired
RK21,SRR7450717,Paired
RK21,SRR7450718,Paired
RK21,SRR7450719,Paired
RK21,SRR7450720,Paired
RK21,SRR7450721,Paired
RK21,SRR7450722,Paired
RK21,SRR7450723,Paired
RK21,SRR7450724,Paired
RK21,SRR7450725,Paired
RK21,SRR7450726,Paired
RK21,SRR7450727,Paired
RK21,SRR7450728,Paired
RK21,SRR7450729,Paired
RK21,SRR7450730,Paired
RK21,SRR7450731,Paired
RK21,SRR7450732,Paired
RK21,SRR7450733,Paired
RK21,SRR7450734,Paired
RK21,SRR7450735,Paired
RK21,SRR7450736,Paired
RK21,SRR7450737,Paired
RK21,SRR7450738,Paired
RK21,SRR7450739,Paired
RK21,SRR7450740,Paired
RK21,SRR7450741,Paired
RK21,SRR7450742,Paired
RK21,SRR7450743,Paired
RK21,SRR7450744,Paired
RK21,SRR7450745,Paired
RK21,SRR7450746,Paired
RK21,SRR7450747,Paired
RK21,SRR7450748,Paired
RK21,SRR7450749,Paired
RK21,SRR7450750,Paired
RK21,SRR7450751,Paired
RK21,SRR7450752,Paired
RK21,SRR7450753,Paired
RK21,SRR7450754,Paired
RK21,SRR7450755,Paired
RK21,SRR7450756,Paired
RK21,SRR7450757,Paired
RK21,SRR7450758,Paired
RK21,SRR7450759,Paired
RK21,SRR7450760,Paired
RK21,SRR7450761,Paired
RK21,SRR10245277,Paired
RK21,SRR10245278,Paired
RK21,SRR10245280,Paired
RK21,SRR10245282,Paired
RK21,SRR10245284,Paired
RK21,SRR10245288,Paired
RK21,SRR10245291,Paired
RK21,SRR10245294,Paired
RK21,SRR10245296,Paired
RK21,SRR10245297,Paired
RK21,SRR10245299,Paired
RK21,SRR10245302,Paired
RK21,SRR10245305,Paired
RK21,SRR10245307,Paired
RK21,SRR10245309,Paired
RK21,SRR10245311,Paired
RK21,SRR10245313,Paired
RK21,SRR10245315,Paired
RK21,SRR10245317,Paired
RK21,SRR10245318,Paired
RK21,SRR10245319,Paired
RK21,SRR10245320,Paired
RK21,SRR10245323,Paired
RK21,SRR10245325,Paired
RK21,SRR10245326,Paired
RK21,SRR10245329,Paired
RK21,SRR10245331,Paired
RK21,SRR10245333,Paired
RK21,SRR10245336,Paired
RK21,SRR10245337,Paired
RK21,SRR10245339,Paired
RK21,SRR10245341,Paired
RK21,SRR10245344,Paired
RK21,SRR10245346,Paired
RK21,SRR10245348,Paired
RK21,SRR10245350,Paired
RK21,SRR10245352,Paired
YZ22,SRR6079460,Paired
YZ22,SRR6079461,Paired
YZ22,SRR6079462,Paired
YZ22,SRR6079463,Paired
YZ22,SRR6079464,Paired
YZ22,SRR6079465,Paired
YZ22,SRR6079466,Paired
YZ22,SRR6079467,Paired
YZ22,SRR6079468,Paired
YZ22,SRR6079469,Paired
YZ22,SRR6079470,Paired
YZ22,SRR6079471,Paired
YZ22,SRR6079472,Paired
YZ22,SRR6079473,Paired
YZ22,SRR6079474,Paired
XY23,SRR13949088,Paired
XY23,SRR13949089,Paired
XY23,SRR13949090,Paired
XY23,SRR13949091,Paired
XY23,SRR13949092,Paired
XY23,SRR13949093,Paired
XY23,SRR13949094,Paired
XY23,SRR13949095,Paired
XY23,SRR13949097,Paired
XY23,SRR13949098,Paired
XY23,SRR13949099,Paired
XY23,SRR13949100,Paired
XY23,SRR13949101,Paired
XY23,SRR13949102,Paired
XY23,SRR13949103,Paired
XY23,SRR13949104,Paired
XY23,SRR13949105,Paired
XY23,SRR13949106,Paired
XY23,SRR13949107,Paired
XY23,SRR13949109,Paired
XY23,SRR13949110,Paired
XY23,SRR13949111,Paired
XY23,SRR13949112,Paired
XY23,SRR13949113,Paired
XY23,SRR13949114,Paired
XY23,SRR13949115,Paired
XY23,SRR13949116,Paired
XY23,SRR13949117,Paired
XY23,SRR13949118,Paired
XY23,SRR13949119,Paired
XY23,SRR13949120,Paired
XY23,SRR13949122,Paired
XY23,SRR13949123,Paired
XY23,SRR13949124,Paired
XY23,SRR13949125,Paired
XY23,SRR13949126,Paired
XY23,SRR13949127,Paired
XY23,SRR13949128,Paired
XY23,SRR13949129,Paired
XY23,SRR13949130,Paired
XY23,SRR13949132,Paired
XY23,SRR13949134,Paired
XY23,SRR13949135,Paired
XY23,SRR13949136,Paired
XY23,SRR13949137,Paired
XY23,SRR13949138,Paired
XY23,SRR13949139,Paired
XY23,SRR13949140,Paired
XY23,SRR13949141,Paired
XY23,SRR13949142,Paired
XY23,SRR13949143,Paired
XY23,SRR13949144,Paired
XY23,SRR13949145,Paired
XY23,SRR13949146,Paired
XY23,SRR13949147,Paired
XY23,SRR13949148,Paired
XY23,SRR13949149,Paired
XY23,SRR13949150,Paired
XY23,SRR13949151,Paired
XY23,SRR13949152,Paired
XY23,SRR13949153,Paired
XY23,SRR13949154,Paired
XY23,SRR13949155,Paired
XY23,SRR13949156,Paired
XY23,SRR13949157,Paired
XY23,SRR13949158,Paired
XY23,SRR13949160,Paired
XY23,SRR13949161,Paired
XY23,SRR13949162,Paired
XY23,SRR13949163,Paired
XY23,SRR13949164,Paired
XY23,SRR13949165,Paired
XY23,SRR13949166,Paired
XY23,SRR13949168,Paired
XY23,SRR13949169,Paired
XY23,SRR13949170,Paired
XY23,SRR13949171,Paired
XY23,SRR13949173,Paired
XY23,SRR13949174,Paired
XY23,SRR13949175,Paired
XY23,SRR13949176,Paired
XY23,SRR13949177,Paired
XY23,SRR13949178,Paired
XY23,SRR13949179,Paired
XY23,SRR13949180,Paired
XY23,SRR13949181,Paired
XY23,SRR13949182,Paired
XY23,SRR13949183,Paired
XY23,SRR13949184,Paired
XY23,SRR13949185,Paired
XY23,SRR13949187,Paired
XY23,SRR13949188,Paired
XY23,SRR13949189,Paired
XY23,SRR13949190,Paired
XY23,SRR13949191,Paired
XY23,SRR13949192,Paired
XY23,SRR13949193,Paired
XY23,SRR13949194,Paired
XY23,SRR13949195,Paired
XY23,SRR13949196,Paired
XY23,SRR13949197,Paired
XY23,SRR13949198,Paired
XY23,SRR13949199,Paired
XY23,SRR13949200,Paired
XY23,SRR13949201,Paired
XY23,SRR13949202,Paired
XY23,SRR13949203,Paired
XY23,SRR13949204,Paired
XY23,SRR13949205,Paired
XY23,SRR13949206,Paired
XY23,SRR13949207,Paired
XY23,SRR13949208,Paired
XY23,SRR13949209,Paired
XY23,SRR13949210,Paired
XY23,SRR13949211,Paired
XY23,SRR13949212,Paired
XY23,SRR13949213,Paired
XY23,SRR13949214,Paired
XY23,SRR13949216,Paired
XY23,SRR13949217,Paired
XY23,SRR13949218,Paired
XY23,SRR13949219,Paired
XY23,SRR13949221,Paired
XY23,SRR13949222,Paired
XY23,SRR13949223,Paired
XY23,SRR13949224,Paired
XY23,SRR13949225,Paired
XY23,SRR13949096,Paired
XY23,SRR13949108,Paired
XY23,SRR13949121,Paired
XY23,SRR13949131,Paired
XY23,SRR13949133,Paired
XY23,SRR13949159,Paired
XY23,SRR13949167,Paired
XY23,SRR13949172,Paired
XY23,SRR13949186,Paired
XY23,SRR13949215,Paired
XY23,SRR13949220,Paired
ZY25,SRR11862916,Paired
ZY25,SRR11862939,Paired
ZY25,SRR11862945,Paired
ZY25,SRR11862962,Paired
ZY25,SRR11862968,Paired
ZY25,SRR11862985,Paired
ZY25,SRR11862991,Paired
ZY25,SRR11862904,Paired
ZY25,SRR11862922,Paired
ZY25,SRR11862927,Paired
ZY25,SRR11862950,Paired
ZY25,SRR11862973,Paired
ZY25,SRR11863001,Paired
ZY25,SRR11863004,Paired
ZY25,SRR11862996,Paired
XC26,SRR11560241,Paired
XC26,SRR11560242,Paired
XC26,SRR11560243,Paired
XC26,SRR11560244,Paired
XC26,SRR11560245,Paired
XC26,SRR11560246,Paired
XC26,SRR11560247,Paired
XC26,SRR11560248,Paired
XC26,SRR11560249,Paired
XC26,SRR11560250,Paired
XC26,SRR11560251,Paired
XC26,SRR11560252,Paired
XC26,SRR11560253,Paired
XC26,SRR11560254,Paired
XC26,SRR11560255,Paired
XC26,SRR11560256,Paired
XC26,SRR11560257,Paired
XC26,SRR11560258,Paired
XC26,SRR11560259,Paired
XC26,SRR11560260,Paired
XC26,SRR11560261,Paired
XC26,SRR11560262,Paired
XC26,SRR11560263,Paired
XC26,SRR11560264,Paired
XC26,SRR11560265,Paired
XC26,SRR11560266,Paired
XC26,SRR11560267,Paired
XC26,SRR11560268,Paired
XC26,SRR11560269,Paired
XC26,SRR11560270,Paired
XC26,SRR11560271,Paired
XC26,SRR11560272,Paired
XC26,SRR11560273,Paired
ED27,SRR11362520,Paired
ED27,SRR11362526,Paired
ED27,SRR11362527,Paired
ED27,SRR11362528,Paired
ED27,SRR11362529,Paired
ED27,SRR11362530,Paired
ED27,SRR11362539,Paired
ED27,SRR11362545,Paired
ED27,SRR11362550,Paired
ED27,SRR11362551,Paired
ED27,SRR11362552,Paired
ED27,SRR11362553,Paired
ED27,SRR11362554,Paired
ED27,SRR11362555,Paired
ED27,SRR11362556,Paired
ED27,SRR11362557,Paired
MK28,SRR13253945,Paired
MK28,SRR13253946,Paired
MK28,SRR13253947,Paired
MK28,SRR13253948,Paired
MK28,SRR13253949,Paired
MK28,SRR13253950,Paired
MK28,SRR13249466,Paired
MK28,SRR13249468,Paired
MK28,SRR13249470,Paired
MK28,SRR13249472,Paired
MK28,SRR13249474,Paired
MK28,SRR13249465,Paired
MK28,SRR13249467,Paired
MK28,SRR13249469,Paired
MK28,SRR13249471,Paired
MK28,SRR13249473,Paired
MK28,SRR13155379,Paired
MK28,SRR13155380,Paired
MK28,SRR13155381,Paired
MK28,SRR13155382,Paired
MK28,SRR13155383,Paired
MK28,SRR13155384,Paired
MK28,SRR13155385,Paired
MK28,SRR13155386,Paired
MK28,SRR13155387,Paired
MK28,SRR13155388,Paired
MK28,SRR13155389,Paired
MK28,SRR13155390,Paired
MK28,SRR13155391,Paired
MK28,SRR13155392,Paired
MK28,SRR13155393,Paired
MK28,SRR13155394,Paired
MK28,SRR13155395,Paired
MK28,SRR13155396,Paired
MK28,SRR13155397,Paired
MK28,SRR13155398,Paired
MK28,SRR13155399,Paired
MK28,SRR13155400,Paired
MK28,SRR13155401,Paired
MK28,SRR13155402,Paired
MK28,SRR13155403,Paired
MK28,SRR13155404,Paired
MK28,SRR13155405,Paired
MK28,SRR13155406,Paired
MK28,SRR13155407,Paired
MK28,SRR13155408,Paired
MK28,SRR13155409,Paired
MK28,SRR13155410,Paired
MK28,SRR13156119,Paired
MK28,SRR13156120,Paired
MK28,SRR13156121,Paired
MK28,SRR13156122,Paired
MK28,SRR13156123,Paired
MK28,SRR13156124,Paired
MK28,SRR13156125,Paired
MK28,SRR13156126,Paired
MK28,SRR13156127,Paired
MK28,SRR13156128,Paired
MK28,SRR13156129,Paired
MK28,SRR13156130,Paired
MK28,SRR13156131,Paired
MK28,SRR13156132,Paired
MK28,SRR13156133,Paired
MK28,SRR13156134,Paired
MK28,SRR13156135,Paired
MK28,SRR13156136,Paired
MK28,SRR13156137,Paired
MK28,SRR13156138,Paired
MK28,SRR13156139,Paired
MK28,SRR13156140,Paired
MK28,SRR13156141,Paired
MK28,SRR13156142,Paired
MK28,SRR13156143,Paired
MK28,SRR13156144,Paired
MK28,SRR13156145,Paired
MK28,SRR13156146,Paired
MK28,SRR13156147,Paired
MK28,SRR13156148,Paired
MK28,SRR13132290,Paired
MK28,SRR13132291,Paired
MK28,SRR13132292,Paired
MK28,SRR13132293,Paired
MK28,SRR13132294,Paired
MK28,SRR13132295,Paired
MK28,SRR13132296,Paired
MK28,SRR13132297,Paired
MK28,SRR13132298,Paired
MK28,SRR13132299,Paired
MK28,SRR13132300,Paired
MK28,SRR13132301,Paired
MK28,SRR13132302,Paired
MK28,SRR13132303,Paired
MK28,SRR13132304,Paired
MK28,SRR13132305,Paired
MK28,SRR13132306,Paired
MK28,SRR13132307,Paired
MK28,SRR13132308,Paired
MK28,SRR13132309,Paired
MK28,SRR13132310,Paired
MK28,SRR13132311,Paired
MK28,SRR13132312,Paired
MK28,SRR13132313,Paired
MK28,SRR13132314,Paired
MK28,SRR13132315,Paired
MK28,SRR13132316,Paired
MK28,SRR13132317,Paired
MK28,SRR13132318,Paired
MK28,SRR13132319,Paired
MK28,SRR13132320,Paired
MK28,SRR13132321,Paired
MK28,SRR13277436,Paired
MK28,SRR13277437,Paired
MK28,SRR13277438,Paired
MK28,SRR13277439,Paired
MK28,SRR13277440,Paired
MK28,SRR13277441,Paired
MK28,SRR13277442,Paired
MK28,SRR13277443,Paired
MK28,SRR13277444,Paired
MK28,SRR13280178,Paired
MK28,SRR13280179,Paired
MK28,SRR13280180,Paired
MK28,SRR13280181,Paired
MK28,SRR13280182,Paired
MK28,SRR13280183,Paired
MK28,SRR13280184,Paired
MK28,SRR13280185,Paired
MK28,SRR13280186,Paired
MK28,SRR13280187,Paired
MK28,SRR13274856,Paired
MK28,SRR13274857,Paired
MK28,SRR13274858,Paired
MK28,SRR13274859,Paired
MK28,SRR13274860,Paired
MK28,SRR13274861,Paired
MK28,SRR13274862,Paired
MK28,SRR13274863,Paired
MK28,SRR13274864,Paired
MK28,SRR13274865,Paired
MK28,SRR13274866,Paired
MK28,SRR13274867,Paired
MK28,SRR13274868,Paired
MK28,SRR13275130,Paired
MK28,SRR13275131,Paired
MK28,SRR13275132,Paired
MK28,SRR13275133,Paired
MK28,SRR13275134,Paired
MK28,SRR13275135,Paired
MK28,SRR13275136,Paired
MK28,SRR13275137,Paired
MK28,SRR13275138,Paired
MK28,SRR13275169,Paired
MK28,SRR13275170,Paired
MK28,SRR13275171,Paired
MK28,SRR13275172,Paired
MK28,SRR13275173,Paired
MK28,SRR13275174,Paired
MK28,SRR13275175,Paired
MK28,SRR13275176,Paired
MK28,SRR13275177,Paired
MK28,SRR13275178,Paired
MK28,SRR13275179,Paired
MK28,SRR13275180,Paired
MK28,SRR13275181,Paired
MK28,SRR13275182,Paired
MK28,SRR13275183,Paired
MK28,SRR13275184,Paired
MK28,SRR13275185,Paired
MK28,SRR13302386,Paired
MK28,SRR13302387,Paired
MK28,SRR13302388,Paired
MK28,SRR13302389,Paired
MK28,SRR13302390,Paired
MK28,SRR13302391,Paired
MK28,SRR13302392,Paired
MK28,SRR13302498,Paired
MK28,SRR13302499,Paired
MK28,SRR13302500,Paired
MK28,SRR13302501,Paired
MK28,SRR13302502,Paired
MK28,SRR13302503,Paired
MK28,SRR13302504,Paired
MK28,SRR13284884,Paired
MK28,SRR13284885,Paired
MK28,SRR13284886,Paired
MK28,SRR13284887,Paired
MK28,SRR13284888,Paired
MK28,SRR13284889,Paired
MK28,SRR13286853,Paired
MK28,SRR13286854,Paired
MK28,SRR13286855,Paired
MK28,SRR13286856,Paired
MK28,SRR13286857,Paired
MK28,SRR13286858,Paired
MK28,SRR13286859,Paired
MK28,SRR13292266,Paired
MK28,SRR13292267,Paired
MK28,SRR13292268,Paired
MK28,SRR13292269,Paired
MK28,SRR13292270,Paired
MK28,SRR13292271,Paired
MK28,SRR13292272,Paired
MK28,SRR13292273,Paired
MK28,SRR13292274,Paired
MK28,SRR13292275,Paired
MK28,SRR13292323,Paired
MK28,SRR13292324,Paired
MK28,SRR13292325,Paired
MK28,SRR13292326,Paired
MK28,SRR13292327,Paired
MK28,SRR13292328,Paired
MK28,SRR13292329,Paired
MK28,SRR13292330,Paired
MK28,SRR13292331,Paired
MK28,SRR13297065,Paired
MK28,SRR13297066,Paired
MK28,SRR13297067,Paired
MK28,SRR13297068,Paired
MK28,SRR13297069,Paired
MK28,SRR13297070,Paired
YL30,SRR9040835,Paired
YL30,SRR9040836,Paired
YL30,SRR9040837,Paired
YL30,SRR9040838,Paired
YL30,SRR9040839,Paired
YL30,SRR9040840,Paired
YL30,SRR9040841,Paired
YL30,SRR9040842,Paired
YL30,SRR9040843,Paired
YL30,SRR9040844,Paired
YL30,SRR9040845,Paired
YL30,SRR9040846,Paired
YL30,SRR9040847,Paired
YL30,SRR9040848,Paired
YL30,SRR9040849,Paired
YL30,SRR9040850,Paired
YL30,SRR9040851,Paired
YL30,SRR9040852,Paired
YL30,SRR9040853,Paired
YL30,SRR9040854,Paired
YL30,SRR9040855,Paired
YL30,SRR9040856,Paired
YL30,SRR9040857,Paired
YL30,SRR9040858,Paired
YL30,SRR9040859,Paired
YL30,SRR9040860,Paired
YL30,SRR9040861,Paired
YL30,SRR9040862,Paired
YL30,SRR9040863,Paired
YL30,SRR9040864,Paired
YL30,SRR9040865,Paired
YL30,SRR9040866,Paired
YL30,SRR9040867,Paired
YL30,SRR9040868,Paired
YL30,SRR9040869,Paired
YL30,SRR9040870,Paired
YL30,SRR9040871,Paired
YL30,SRR9040872,Paired
YL30,SRR9040873,Paired
YL30,SRR9040874,Paired
YL30,SRR9040875,Paired
YL30,SRR9040876,Paired
YL30,SRR9040877,Paired
YL30,SRR9040878,Paired
YL30,SRR9040879,Paired
YL30,SRR9040880,Paired
YL30,SRR9040881,Paired
YL30,SRR9040882,Paired
YL30,SRR9040883,Paired
YL30,SRR9040884,Paired
YL30,SRR9040885,Paired
YL30,SRR9040886,Paired
YL30,SRR9040887,Paired
YL30,SRR9040888,Paired
YL30,SRR9040889,Paired
YL30,SRR9040890,Paired
YL30,SRR9040891,Paired
YL30,SRR9040892,Paired
YL30,SRR9040893,Paired
YL30,SRR9040894,Paired
YL30,SRR9040895,Paired
YL30,SRR9040896,Paired
YL30,SRR9040897,Paired
YL30,SRR9040898,Paired
YL30,SRR9040899,Paired
YL30,SRR9040900,Paired
YL30,SRR9040901,Paired
YL30,SRR9040902,Paired
YL30,SRR9040903,Paired
YL30,SRR9040904,Paired
SR31,ERR2272989,Paired
SR31,ERR2272990,Paired
SR31,ERR2272991,Paired
SR31,ERR2272992,Paired
SR31,ERR2272993,Paired
SR31,ERR2272994,Paired
SR31,ERR2272995,Paired
SR31,ERR2272996,Paired
SR31,ERR2272997,Paired
SR31,ERR2272998,Paired
SR31,ERR2272999,Paired
SR31,ERR2273000,Paired
SR31,ERR2273001,Paired
SR31,ERR2273002,Paired
SR31,ERR2273003,Paired
SR31,ERR2273004,Paired
SR31,ERR2273005,Paired
SR31,ERR2273006,Paired
SR31,ERR2273007,Paired
SR31,ERR2273008,Paired
SR31,ERR2273009,Paired
SR31,ERR2273010,Paired
SR31,ERR2273011,Paired
SR31,ERR2273012,Paired
SR31,ERR2273013,Paired
SR31,ERR2273014,Paired
SR31,ERR2273015,Paired
SR31,ERR2273016,Paired
SR31,ERR2273017,Paired
SR31,ERR2273018,Paired
SR31,ERR2273019,Paired
SR31,ERR2273020,Paired
SR31,ERR2273021,Paired
YL32,ERR3427610,Paired
YL32,ERR3427611,Paired
YL32,ERR3427613,Paired
YL32,ERR3427616,Paired
YL32,ERR3427609,Paired
YL32,ERR3427612,Paired
YL32,ERR3427615,Paired
EE33,ERR5330023,Paired
EE33,ERR5330024,Paired
EE33,ERR5330025,Paired
EE33,ERR5330026,Paired
EE33,ERR5330027,Paired
EE33,ERR5330028,Paired
EE33,ERR5330029,Paired
EE33,ERR5330030,Paired
EE33,ERR5330031,Paired
EE33,ERR5330032,Paired
EE33,ERR5330033,Paired
EE33,ERR5330034,Paired
EE33,ERR5330035,Paired
EE33,ERR5330036,Paired
EE33,ERR5330037,Paired
EE33,ERR5330038,Paired
EE33,ERR5330039,Paired
EE33,ERR5330040,Paired
EE33,ERR5330041,Paired
EE33,ERR5330042,Paired
EE33,ERR5330043,Paired
EE33,ERR5330044,Paired
EE33,ERR5330045,Paired
EE33,ERR5330046,Paired
EE33,ERR5330047,Paired
EE33,ERR5330048,Paired
EE33,ERR5330049,Paired
EE33,ERR5330050,Paired
EE33,ERR5330051,Paired
EE33,ERR5330052,Paired
EE33,ERR5330053,Paired
EE33,ERR5330054,Paired
EE33,ERR5330055,Paired
EE33,ERR5330056,Paired
EE33,ERR5330057,Paired
EE33,ERR5330058,Paired
EE33,ERR5330059,Paired
EE33,ERR5330060,Paired
EE33,ERR5330061,Paired
EE33,ERR5330062,Paired
EE33,ERR5330063,Paired
EE33,ERR5330064,Paired
EE33,ERR5330065,Paired
EE33,ERR5330066,Paired
EE33,ERR5330067,Paired
EE33,ERR5330068,Paired
EE33,ERR5330069,Paired
EE33,ERR5330070,Paired
EE33,ERR5330071,Paired
EE33,ERR5330072,Paired
EE33,ERR5330262,Paired
EE33,ERR5330263,Paired
EE33,ERR5330264,Paired
EE33,ERR5330265,Paired
EE33,ERR5330266,Paired
EE33,ERR5330267,Paired
EE33,ERR5330268,Paired
EE33,ERR5330269,Paired
EE33,ERR5330270,Paired
EE33,ERR5330271,Paired
EE33,ERR5330272,Paired
EE33,ERR5330273,Paired
EE33,ERR5330274,Paired
EE33,ERR5330275,Paired
EE33,ERR5330276,Paired
EE33,ERR5330277,Paired
EE33,ERR5330278,Paired
EE33,ERR5330279,Paired
EE33,ERR5330280,Paired
EE33,ERR5330281,Paired
EE33,ERR5330282,Paired
EE33,ERR5330283,Paired
EE33,ERR5330284,Paired
EE33,ERR5330285,Paired
EE33,ERR5330286,Paired
EE33,ERR5330287,Paired
EE33,ERR5330288,Paired
EE33,ERR5330289,Paired
EE33,ERR5330290,Paired
EE33,ERR5330291,Paired
EE33,ERR5330292,Paired
EE33,ERR5330293,Paired
EE33,ERR5330294,Paired
EE33,ERR5330295,Paired
EE33,ERR5330296,Paired
EE33,ERR5330297,Paired
EE33,ERR5330298,Paired
EE33,ERR5330299,Paired
EE33,ERR5330300,Paired
EE33,ERR5330301,Paired
EE33,ERR5330302,Paired
EE33,ERR5330303,Paired
EE33,ERR5330304,Paired
EE33,ERR5330305,Paired
EE33,ERR5330306,Paired
EE33,ERR5330307,Paired
EE33,ERR5330308,Paired
EE33,ERR5330309,Paired
EE33,ERR5330310,Paired
EE33,ERR5330311,Paired
EE33,ERR5330329,Paired
EE33,ERR5330330,Paired
EE33,ERR5330331,Paired
EE33,ERR5330332,Paired
EE33,ERR5330333,Paired
EE33,ERR5330334,Paired
EE33,ERR5330335,Paired
EE33,ERR5330336,Paired
EE33,ERR5330337,Paired
EE33,ERR5330338,Paired
EE33,ERR5330339,Paired
EE33,ERR5330340,Paired
EE33,ERR5330341,Paired
EE33,ERR5330342,Paired
EE33,ERR5330343,Paired
EE33,ERR5330344,Paired
EE33,ERR5330345,Paired
EE33,ERR5330346,Paired
EE33,ERR5330347,Paired
EE33,ERR5330348,Paired
EE33,ERR5330349,Paired
EE33,ERR5330350,Paired
EE33,ERR5330351,Paired
EE33,ERR5330352,Paired
EE33,ERR5330353,Paired
EE33,ERR5330354,Paired
EE33,ERR5330355,Paired
EE33,ERR5330356,Paired
EE33,ERR5330357,Paired
EE33,ERR5330358,Paired
EE33,ERR5330359,Paired
EE33,ERR5330360,Paired
EE33,ERR5330361,Paired
EE33,ERR5330362,Paired
EE33,ERR5330363,Paired
EE33,ERR5330364,Paired
EE33,ERR5330365,Paired
EE33,ERR5330366,Paired
EE33,ERR5330367,Paired
EE33,ERR5330368,Paired
EE33,ERR5330369,Paired
EE33,ERR5330370,Paired
EE33,ERR5330371,Paired
EE33,ERR5330372,Paired
EE33,ERR5330373,Paired
EE33,ERR5330374,Paired
EE33,ERR5330375,Paired
EE33,ERR5330376,Paired
EE33,ERR5330377,Paired
EE33,ERR5330378,Paired
EE33,ERR5330390,Paired
EE33,ERR5330391,Paired
EE33,ERR5330392,Paired
EE33,ERR5330393,Paired
EE33,ERR5330394,Paired
EE33,ERR5330395,Paired
EE33,ERR5330396,Paired
EE33,ERR5330397,Paired
EE33,ERR5330398,Paired
EE33,ERR5330399,Paired
EE33,ERR5330400,Paired
EE33,ERR5330401,Paired
EE33,ERR5330402,Paired
EE33,ERR5330403,Paired
EE33,ERR5330404,Paired
EE33,ERR5330405,Paired
EE33,ERR5330406,Paired
EE33,ERR5330407,Paired
EE33,ERR5330408,Paired
EE33,ERR5330409,Paired
EE33,ERR5330410,Paired
EE33,ERR5330411,Paired
EE33,ERR5330412,Paired
EE33,ERR5330413,Paired
EE33,ERR5330414,Paired
EE33,ERR5330415,Paired
EE33,ERR5330416,Paired
EE33,ERR5330417,Paired
EE33,ERR5330418,Paired
EE33,ERR5330419,Paired
EE33,ERR5330420,Paired
EE33,ERR5330421,Paired
EE33,ERR5330422,Paired
EE33,ERR5330423,Paired
EE33,ERR5330424,Paired
EE33,ERR5330425,Paired
EE33,ERR5330426,Paired
EE33,ERR5330427,Paired
EE33,ERR5330428,Paired
EE33,ERR5330429,Paired
EE33,ERR5330470,Paired
EE33,ERR5330471,Paired
EE33,ERR5330472,Paired
EE33,ERR5330473,Paired
EE33,ERR5330474,Paired
EE33,ERR5330475,Paired
EE33,ERR5330476,Paired
EE33,ERR5330477,Paired
EE33,ERR5330478,Paired
EE33,ERR5330479,Paired
EE33,ERR5330480,Paired
EE33,ERR5330481,Paired
EE33,ERR5330482,Paired
EE33,ERR5330483,Paired
EE33,ERR5330484,Paired
EE33,ERR5330485,Paired
EE33,ERR5330486,Paired
EE33,ERR5330487,Paired
EE33,ERR5330488,Paired
EE33,ERR5330489,Paired
EE33,ERR5330490,Paired
EE33,ERR5330491,Paired
EE33,ERR5330492,Paired
EE33,ERR5330493,Paired
EE33,ERR5330494,Paired
EE33,ERR5330495,Paired
EE33,ERR5330496,Paired
EE33,ERR5330497,Paired
EE33,ERR5330498,Paired
EE33,ERR5330499,Paired
EE33,ERR5330500,Paired
EE33,ERR5330501,Paired
EE33,ERR5330502,Paired
EE33,ERR5330503,Paired
EE33,ERR5330504,Paired
EE33,ERR5330505,Paired
EE33,ERR5330506,Paired
EE33,ERR5330507,Paired
EE33,ERR5330508,Paired
EE33,ERR5330509,Paired
EE33,ERR5330510,Paired
EE33,ERR5330511,Paired
EE33,ERR5330512,Paired
EE33,ERR5330513,Paired
EE33,ERR5330514,Paired
EE33,ERR5330515,Paired
EE33,ERR5330516,Paired
EE33,ERR5330517,Paired
EE33,ERR5330518,Paired
EE33,ERR5330519,Paired
RS12,SRR14273008,Paired
RS12,SRR14273009,Paired
RS12,SRR14273013,Paired
RS12,SRR14273018,Paired
RS12,SRR14273022,Paired
RS12,SRR14273049,Paired
RS12,SRR14273050,Paired
RS12,SRR14273054,Paired
RS12,SRR14273064,Paired
RS12,SRR14273071,Paired
RS12,SRR14273072,Paired
RS12,SRR14273077,Paired
RS12,SRR14273080,Paired
RS12,SRR14273096,Paired
RS12,SRR14273116,Paired
RS12,SRR14273121,Paired
RS12,SRR14273128,Paired
RS12,SRR14273134,Paired
RS12,SRR14273137,Paired
RS12,SRR14273138,Paired
RS12,SRR14273147,Paired
RS12,SRR14273153,Paired
RS12,SRR14273163,Paired
RS12,SRR14273167,Paired
RS12,SRR14273184,Paired
RS12,SRR14273186,Paired
RS12,SRR14273187,Paired
RS12,SRR14273210,Paired
RS12,SRR14273216,Paired
RS12,SRR14273221,Paired
RS12,SRR14273227,Paired
RS12,SRR14273239,Paired
RS12,SRR14273242,Paired
RS12,SRR14273243,Paired
RS12,SRR14273246,Paired
RS12,SRR14273247,Paired
RS12,SRR14273274,Paired
RS12,SRR14273288,Paired
RS12,SRR14273295,Paired
RS12,SRR14273304,Paired
RS12,SRR14273307,Paired
RS12,SRR14273309,Paired
RS12,SRR14273318,Paired
RS12,SRR14273059,Paired
RS12,SRR14273097,Paired
RS12,SRR14273098,Paired
RS12,SRR14273117,Paired
RS12,SRR14273140,Paired
RS12,SRR14273144,Paired
RS12,SRR14273173,Paired
RS12,SRR14273205,Paired
RS12,SRR14273213,Paired
RS12,SRR14273240,Paired
RS12,SRR14273258,Paired
RS12,SRR14273264,Paired
RS12,SRR14273265,Paired
RS12,SRR14273272,Paired
RS12,SRR14273283,Paired
RS12,SRR14273286,Paired
RS12,SRR14273313,Paired
RS12,SRR14273015,Paired
RS12,SRR14273020,Paired
RS12,SRR14273028,Paired
RS12,SRR14273029,Paired
RS12,SRR14273056,Paired
RS12,SRR14273062,Paired
RS12,SRR14273109,Paired
RS12,SRR14273110,Paired
RS12,SRR14273115,Paired
RS12,SRR14273131,Paired
RS12,SRR14273133,Paired
RS12,SRR14273148,Paired
RS12,SRR14273158,Paired
RS12,SRR14273159,Paired
RS12,SRR14273165,Paired
RS12,SRR14273185,Paired
RS12,SRR14273200,Paired
RS12,SRR14273206,Paired
RS12,SRR14273244,Paired
RS12,SRR14273014,Paired
RS12,SRR14273016,Paired
RS12,SRR14273031,Paired
RS12,SRR14273046,Paired
RS12,SRR14273107,Paired
RS12,SRR14273114,Paired
RS12,SRR14273127,Paired
RS12,SRR14273155,Paired
RS12,SRR14273160,Paired
RS12,SRR14273177,Paired
RS12,SRR14273178,Paired
RS12,SRR14273192,Paired
RS12,SRR14273194,Paired
RS12,SRR14273198,Paired
RS12,SRR14273207,Paired
RS12,SRR14273226,Paired
RS12,SRR14273233,Paired
RS12,SRR14273266,Paired
RS12,SRR14273270,Paired
RS12,SRR14273298,Paired
RS12,SRR14273005,Paired
RS12,SRR14273012,Paired
RS12,SRR14273024,Paired
RS12,SRR14273034,Paired
RS12,SRR14273037,Paired
RS12,SRR14273042,Paired
RS12,SRR14273045,Paired
RS12,SRR14273052,Paired
RS12,SRR14273057,Paired
RS12,SRR14273066,Paired
RS12,SRR14273074,Paired
RS12,SRR14273078,Paired
RS12,SRR14273118,Paired
RS12,SRR14273126,Paired
RS12,SRR14273139,Paired
RS12,SRR14273150,Paired
RS12,SRR14273154,Paired
RS12,SRR14273161,Paired
RS12,SRR14273166,Paired
RS12,SRR14273174,Paired
RS12,SRR14273196,Paired
RS12,SRR14273230,Paired
RS12,SRR14273237,Paired
RS12,SRR14273254,Paired
RS12,SRR14273257,Paired
RS12,SRR14273279,Paired
RS12,SRR14273287,Paired
RS12,SRR14273289,Paired
RS12,SRR14273311,Paired
RS12,SRR14273006,Paired
RS12,SRR14273019,Paired
RS12,SRR14273021,Paired
RS12,SRR14273035,Paired
RS12,SRR14273036,Paired
RS12,SRR14273038,Paired
RS12,SRR14273041,Paired
RS12,SRR14273069,Paired
RS12,SRR14273082,Paired
RS12,SRR14273083,Paired
RS12,SRR14273084,Paired
RS12,SRR14273088,Paired
RS12,SRR14273090,Paired
RS12,SRR14273094,Paired
RS12,SRR14273100,Paired
RS12,SRR14273101,Paired
RS12,SRR14273106,Paired
RS12,SRR14273112,Paired
RS12,SRR14273123,Paired
RS12,SRR14273136,Paired
RS12,SRR14273181,Paired
RS12,SRR14273190,Paired
RS12,SRR14273193,Paired
RS12,SRR14273197,Paired
RS12,SRR14273201,Paired
RS12,SRR14273203,Paired
RS12,SRR14273208,Paired
RS12,SRR14273209,Paired
RS12,SRR14273211,Paired
RS12,SRR14273218,Paired
RS12,SRR14273225,Paired
RS12,SRR14273229,Paired
RS12,SRR14273236,Paired
RS12,SRR14273248,Paired
RS12,SRR14273249,Paired
RS12,SRR14273268,Paired
RS12,SRR14273275,Paired
RS12,SRR14273280,Paired
RS12,SRR14273281,Paired
RS12,SRR14273282,Paired
RS12,SRR14273284,Paired
RS12,SRR14273296,Paired
RS12,SRR14273310,Paired
RS12,SRR14273314,Paired
RS12,SRR14273317,Paired
RS12,SRR14273321,Paired
RS12,SRR14273004,Paired
RS12,SRR14273007,Paired
RS12,SRR14273010,Paired
RS12,SRR14273011,Paired
RS12,SRR14273017,Paired
RS12,SRR14273025,Paired
RS12,SRR14273030,Paired
RS12,SRR14273043,Paired
RS12,SRR14273044,Paired
RS12,SRR14273047,Paired
RS12,SRR14273053,Paired
RS12,SRR14273058,Paired
RS12,SRR14273060,Paired
RS12,SRR14273061,Paired
RS12,SRR14273063,Paired
RS12,SRR14273065,Paired
RS12,SRR14273067,Paired
RS12,SRR14273068,Paired
RS12,SRR14273073,Paired
RS12,SRR14273075,Paired
RS12,SRR14273086,Paired
RS12,SRR14273089,Paired
RS12,SRR14273091,Paired
RS12,SRR14273092,Paired
RS12,SRR14273093,Paired
RS12,SRR14273102,Paired
RS12,SRR14273104,Paired
RS12,SRR14273105,Paired
RS12,SRR14273108,Paired
RS12,SRR14273111,Paired
RS12,SRR14273113,Paired
RS12,SRR14273119,Paired
RS12,SRR14273122,Paired
RS12,SRR14273130,Paired
RS12,SRR14273132,Paired
RS12,SRR14273135,Paired
RS12,SRR14273143,Paired
RS12,SRR14273145,Paired
RS12,SRR14273146,Paired
RS12,SRR14273149,Paired
RS12,SRR14273156,Paired
RS12,SRR14273162,Paired
RS12,SRR14273164,Paired
RS12,SRR14273168,Paired
RS12,SRR14273170,Paired
RS12,SRR14273171,Paired
RS12,SRR14273172,Paired
RS12,SRR14273175,Paired
RS12,SRR14273176,Paired
RS12,SRR14273179,Paired
RS12,SRR14273182,Paired
RS12,SRR14273183,Paired
RS12,SRR14273188,Paired
RS12,SRR14273191,Paired
RS12,SRR14273195,Paired
RS12,SRR14273199,Paired
RS12,SRR14273202,Paired
RS12,SRR14273204,Paired
RS12,SRR14273212,Paired
RS12,SRR14273214,Paired
RS12,SRR14273215,Paired
RS12,SRR14273219,Paired
RS12,SRR14273220,Paired
RS12,SRR14273222,Paired
RS12,SRR14273223,Paired
RS12,SRR14273224,Paired
RS12,SRR14273228,Paired
RS12,SRR14273231,Paired
RS12,SRR14273232,Paired
RS12,SRR14273238,Paired
RS12,SRR14273241,Paired
RS12,SRR14273245,Paired
RS12,SRR14273250,Paired
RS12,SRR14273252,Paired
RS12,SRR14273256,Paired
RS12,SRR14273261,Paired
RS12,SRR14273263,Paired
RS12,SRR14273267,Paired
RS12,SRR14273269,Paired
RS12,SRR14273277,Paired
RS12,SRR14273278,Paired
RS12,SRR14273290,Paired
RS12,SRR14273291,Paired
RS12,SRR14273292,Paired
RS12,SRR14273294,Paired
RS12,SRR14273301,Paired
RS12,SRR14273302,Paired
RS12,SRR14273303,Paired
RS12,SRR14273305,Paired
RS12,SRR14273312,Paired
RS12,SRR14273315,Paired
RS12,SRR14273319,Paired
RS12,SRR14273320,Paired
RS12,SRR14273026,Paired
RS12,SRR14273076,Paired
RS12,SRR14273142,Paired
RS12,SRR14273002,Paired
RS12,SRR14273003,Paired
RS12,SRR14273033,Paired
RS12,SRR14273048,Paired
RS12,SRR14273051,Paired
RS12,SRR14273141,Paired
RS12,SRR14273253,Paired
RS12,SRR14273262,Paired
RS12,SRR14273276,Paired
RS12,SRR14273023,Paired
RS12,SRR14273039,Paired
RS12,SRR14273040,Paired
RS12,SRR14273055,Paired
RS12,SRR14273079,Paired
RS12,SRR14273081,Paired
RS12,SRR14273120,Paired
RS12,SRR14273124,Paired
RS12,SRR14273152,Paired
RS12,SRR14273169,Paired
RS12,SRR14273217,Paired
RS12,SRR14273251,Paired
RS12,SRR14273259,Paired
RS12,SRR14273260,Paired
RS12,SRR14273273,Paired
RS12,SRR14273285,Paired
RS12,SRR14273297,Paired
RS12,SRR14273308,Paired
RS12,SRR14273322,Paired
RS12,SRR14273085,Paired
RS12,SRR14273099,Paired
RS12,SRR14273235,Paired
RS12,SRR14273070,Paired
RS12,SRR14273087,Paired
RS12,SRR14273095,Paired
RS12,SRR14273151,Paired
RS12,SRR14273180,Paired
RS12,SRR14273299,Paired
RS12,SRR14273306,Paired
RS12,SRR14273027,Paired
RS12,SRR14273293,Paired
RS12,SRR14273300,Paired
RS12,SRR14273189,Paired
RS12,SRR14273103,Paired
RS12,SRR14273234,Paired
CB24,SRR14255540,Paired
CB24,SRR14255541,Paired
CB24,SRR14255542,Paired
CB24,SRR14255543,Paired
CB24,SRR14255544,Paired
CB24,SRR14255545,Paired
CB24,SRR14255546,Paired
CB24,SRR14255547,Paired
CB24,SRR14255549,Paired
CB24,SRR14255551,Paired
CB24,SRR14255552,Paired
CB24,SRR14255553,Paired
CB24,SRR14255554,Paired
CB24,SRR14255555,Paired
CB24,SRR14255556,Paired
CB24,SRR14255557,Paired
CB24,SRR14255559,Paired
CB24,SRR14255560,Paired
CB24,SRR14255561,Paired
CB24,SRR14255562,Paired
CB24,SRR14255563,Paired
CB24,SRR14255564,Paired
CB24,SRR14255565,Paired
CB24,SRR14255567,Paired
CB24,SRR14255568,Paired
CB24,SRR14255569,Paired
CB24,SRR14255570,Paired
CB24,SRR14255571,Paired
CB24,SRR14255573,Paired
CB24,SRR14255574,Paired
CB24,SRR14255577,Paired
CB24,SRR14255578,Paired
CB24,SRR14255579,Paired
CB24,SRR14255580,Paired
CB24,SRR14255581,Paired
CB24,SRR14255582,Paired
CB24,SRR14255583,Paired
CB24,SRR14255550,Paired
CB24,SRR14255575,Paired
CB24,SRR14255539,Paired
CB24,SRR14255548,Paired
CB24,SRR14255558,Paired
CB24,SRR14255566,Paired
CB24,SRR14255572,Paired
EC2,SRR10584127,Single
EC2,SRR10584128,Single
EC2,SRR10584129,Single
EC2,SRR10584130,Single
EC2,SRR10584131,Single
EC2,SRR10584132,Single
EC2,SRR10584133,Single
EC2,SRR10584134,Single
EC2,SRR10584135,Single
EC2,SRR10584136,Single
EC2,SRR10584137,Single
EC2,SRR10584138,Single
SP6,SRR8594323,Single
SP6,SRR8594324,Single
SP6,SRR8594325,Single
SP6,SRR8594326,Single
SP6,SRR8594327,Single
SP6,SRR8594328,Single
SP6,SRR8594329,Single
SP6,SRR8594330,Single
SP6,SRR8594331,Single
SP6,SRR8594332,Single
SP6,SRR8594333,Single
SP6,SRR8594334,Single
SP6,SRR8594335,Single
SP6,SRR8594336,Single
SP6,SRR8594337,Single
SP6,SRR8594339,Single
SP6,SRR8594340,Single
SP6,SRR8594341,Single
SP6,SRR8594342,Single
SP6,SRR8594343,Single
SP6,SRR8594344,Single
SP6,SRR8594345,Single
SP6,SRR8594346,Single
SP6,SRR8594347,Single
SP6,SRR8594348,Single
SP6,SRR8594349,Single
SP6,SRR8594350,Single
SP6,SRR8594351,Single
SP6,SRR8594352,Single
SP6,SRR8594353,Single
SP6,SRR8594354,Single
SP6,SRR8594355,Single
SP6,SRR8594356,Single
SP6,SRR8594357,Single
SP6,SRR8594358,Single
SP6,SRR8594359,Single
SP6,SRR8594360,Single
SP6,SRR8594361,Single
SP6,SRR8594362,Single
SP6,SRR8594363,Single
SP6,SRR8594364,Single
SP6,SRR8594365,Single
SP6,SRR8594366,Single
SP6,SRR8594367,Single
SP6,SRR8594368,Single
SP6,SRR8594369,Single
SP6,SRR8594370,Single
SP6,SRR8594371,Single
SP6,SRR8594372,Single
SP6,SRR8594373,Single
SP6,SRR8594374,Single
SP6,SRR8594375,Single
SP6,SRR8594376,Single
SP6,SRR8594377,Single
SP6,SRR8594378,Single
SP6,SRR8594379,Single
SP6,SRR8594380,Single
SP6,SRR8594381,Single
SP6,SRR8594382,Single
SP6,SRR8594383,Single
SP6,SRR8594384,Single
SP6,SRR8594385,Single
SP6,SRR8594386,Single
SP6,SRR8594387,Single
SP6,SRR8594388,Single
SP6,SRR8594389,Single
SP6,SRR8594390,Single
SP6,SRR8594391,Single
SP6,SRR8594393,Single
SP6,SRR8594395,Single
SP6,SRR8594396,Single
SP6,SRR8594397,Single
SP6,SRR8594398,Single
SP6,SRR8594399,Single
SP6,SRR8594400,Single
SP6,SRR8594401,Single
SP6,SRR8594402,Single
SP6,SRR8594403,Single
SP6,SRR8594404,Single
SP6,SRR8594405,Single
SP6,SRR8594406,Single
SP6,SRR8594407,Single
SP6,SRR8594408,Single
SP6,SRR8594409,Single
SP6,SRR8594410,Single
SP6,SRR8594411,Single
SP6,SRR8594412,Single
SP6,SRR8594413,Single
SP6,SRR8594414,Single
SP6,SRR8594415,Single
SP6,SRR8594416,Single
SP6,SRR8594417,Single
SP6,SRR8594418,Single
SP6,SRR8594419,Single
SP6,SRR8594420,Single
SP6,SRR8594421,Single
SP6,SRR8594422,Single
SP6,SRR8594423,Single
SP6,SRR8594424,Single
SP6,SRR8594425,Single
SP6,SRR8594426,Single
SP6,SRR8594427,Single
SP6,SRR8594428,Single
SP6,SRR8594429,Single
SP6,SRR8594430,Single
SP6,SRR8594431,Single
SP6,SRR8594432,Single
SP6,SRR8594433,Single
SP6,SRR8594434,Single
SP6,SRR8594435,Single
SP6,SRR8594436,Single
SP6,SRR8594437,Single
SP6,SRR8594438,Single
SP6,SRR8594439,Single
SP6,SRR8594440,Single
SP6,SRR8594441,Single
SP6,SRR8594442,Single
SP6,SRR8594443,Single
SP6,SRR8594444,Single
SP6,SRR8594445,Single
SP6,SRR8594446,Single
SP6,SRR8594447,Single
SP6,SRR8594448,Single
SP6,SRR8594449,Single
SP6,SRR8594450,Single
SP6,SRR8594451,Single
SP6,SRR8594452,Single
SP6,SRR8594453,Single
SP6,SRR8594454,Single
SP6,SRR8594455,Single
SP6,SRR8594456,Single
SP6,SRR8594457,Single
SP6,SRR8594458,Single
SP6,SRR8594459,Single
SP6,SRR8594460,Single
SP6,SRR8594461,Single
SP6,SRR8594462,Single
SP6,SRR8594463,Single
SP6,SRR8594464,Single
SP6,SRR8594465,Single
SP6,SRR8594466,Single
SP6,SRR8594467,Single
SP6,SRR8594468,Single
SP6,SRR8594469,Single
SP6,SRR8594470,Single
SP6,SRR8594471,Single
SP6,SRR8594472,Single
SP6,SRR8594473,Single
SP6,SRR8594474,Single
SP6,SRR8594475,Single
SP6,SRR8594476,Single
SP6,SRR8594477,Single
SP6,SRR8594478,Single
SP6,SRR8594479,Single
SP6,SRR8594480,Single
SP6,SRR8594481,Single
SP6,SRR8594482,Single
SP6,SRR8594483,Single
SP6,SRR8594484,Single
SP6,SRR8594485,Single
SP6,SRR8594486,Single
SP6,SRR8594487,Single
SP6,SRR8594488,Single
SP6,SRR8594489,Single
SP6,SRR8594490,Single
SP6,SRR8594491,Single
SP6,SRR8594492,Single
SP6,SRR8594493,Single
SP6,SRR8594494,Single
SP6,SRR8594495,Single
SP6,SRR8594496,Single
SP6,SRR8594497,Single
SP6,SRR8594498,Single
SP6,SRR8594499,Single
SP6,SRR8594500,Single
SP6,SRR8594501,Single
SP6,SRR8594502,Single
SP6,SRR8594503,Single
SP6,SRR8594504,Single
SP6,SRR8594505,Single
SP6,SRR8594506,Single
SP6,SRR8594507,Single
SP6,SRR8594508,Single
SP6,SRR8594509,Single
SP6,SRR8594510,Single
SP6,SRR8594511,Single
SP6,SRR8594512,Single
SP6,SRR8594513,Single
SP6,SRR8594514,Single
SP6,SRR8594515,Single
SP6,SRR8594516,Single
SP6,SRR8594517,Single
SP6,SRR8594518,Single
SP6,SRR8594519,Single
SP6,SRR8594520,Single
SP6,SRR8594521,Single
SP6,SRR8594522,Single
SP6,SRR8594523,Single
SP6,SRR8594524,Single
SP6,SRR8594525,Single
SP6,SRR8594526,Single
SP6,SRR8594527,Single
SP6,SRR8594528,Single
SP6,SRR8594529,Single
SP6,SRR8594530,Single
SP6,SRR8594531,Single
SP6,SRR8594532,Single
SP6,SRR8594533,Single
SP6,SRR8594534,Single
SP6,SRR8594535,Single
SP6,SRR8594536,Single
SP6,SRR8594537,Single
SP6,SRR8594538,Single
SP6,SRR8594539,Single
SP6,SRR8594540,Single
SP6,SRR8594541,Single
SP6,SRR8594542,Single
SP6,SRR8594543,Single
SP6,SRR8594544,Single
SP6,SRR8594545,Single
SP6,SRR8594546,Single
SP6,SRR8594547,Single
SP6,SRR8594548,Single
SP6,SRR8594549,Single
SP6,SRR8594550,Single
SP6,SRR8594551,Single
SP6,SRR8594552,Single
SP6,SRR8594553,Single
SP6,SRR8594554,Single
SP6,SRR8594555,Single
SP6,SRR8594556,Single
SP6,SRR8594557,Single
SP6,SRR8594558,Single
SP6,SRR8594559,Single
SP6,SRR8594560,Single
SP6,SRR8594561,Single
SP6,SRR8594562,Single
SP6,SRR8594563,Single
SP6,SRR8594564,Single
SP6,SRR8594565,Single
SP6,SRR8594566,Single
SP6,SRR8594567,Single
SP6,SRR8594568,Single
SP6,SRR8594569,Single
SP6,SRR8594570,Single
SP6,SRR8594571,Single
SP6,SRR8594572,Single
SP6,SRR8594573,Single
SP6,SRR8594574,Single
SP6,SRR8594575,Single
SP6,SRR8594576,Single
SP6,SRR8594577,Single
SP6,SRR8594578,Single
SP6,SRR8594579,Single
SP6,SRR8594580,Single
SP6,SRR8594581,Single
SP6,SRR8594582,Single
SP6,SRR8594583,Single
SP6,SRR8594584,Single
SP6,SRR8594585,Single
SP6,SRR8594586,Single
SP6,SRR8594587,Single
SP6,SRR8594588,Single
SP6,SRR8594589,Single
SP6,SRR8594590,Single
SP6,SRR8594591,Single
SP6,SRR8594592,Single
SP6,SRR8594593,Single
SP6,SRR8594594,Single
SP6,SRR8594595,Single
SP6,SRR8594596,Single
SP6,SRR8594597,Single
SP6,SRR8594598,Single
SP6,SRR8594599,Single
SP6,SRR8594600,Single
SP6,SRR8594601,Single
SP6,SRR8594602,Single
SP6,SRR8594603,Single
SP6,SRR8594604,Single
SP6,SRR8594605,Single
SP6,SRR8594606,Single
SP6,SRR8594607,Single
SP6,SRR8594608,Single
SP6,SRR8594609,Single
SP6,SRR8594610,Single
SP6,SRR8594611,Single
SP6,SRR8594612,Single
SP6,SRR8594613,Single
SP6,SRR8594614,Single
SP6,SRR8594615,Single
SP6,SRR8594616,Single
SP6,SRR8594617,Single
SP6,SRR8594618,Single
SP6,SRR8594619,Single
SP6,SRR8594620,Single
SP6,SRR8594622,Single
SP6,SRR8594623,Single
SP6,SRR8594624,Single
SP6,SRR8594625,Single
SP6,SRR8594626,Single
SP6,SRR8594627,Single
SP6,SRR8594628,Single
SP6,SRR8594629,Single
SP6,SRR8594630,Single
SP6,SRR8594631,Single
SP6,SRR8594632,Single
SP6,SRR8594633,Single
SP6,SRR8594634,Single
SP6,SRR8594635,Single
SP6,SRR8594636,Single
SP6,SRR8594637,Single
SP6,SRR8594638,Single
SP6,SRR8594639,Single
SP6,SRR8594640,Single
SP6,SRR8594641,Single
SP6,SRR8594642,Single
SP6,SRR8594643,Single
SP6,SRR8594644,Single
SP6,SRR8594645,Single
SP6,SRR8594646,Single
SP6,SRR8594647,Single
SP6,SRR8594648,Single
SP6,SRR8594649,Single
SP6,SRR8594650,Single
SP6,SRR8594651,Single
SP6,SRR8594652,Single
SP6,SRR8594653,Single
SP6,SRR8594654,Single
SP6,SRR8594655,Single
SP6,SRR8594656,Single
SP6,SRR8594657,Single
SP6,SRR8594658,Single
SP6,SRR8594659,Single
SP6,SRR8594660,Single
SP6,SRR8594661,Single
SP6,SRR8594662,Single
SP6,SRR8594663,Single
SP6,SRR8594664,Single
SP6,SRR8594665,Single
SP6,SRR8594666,Single
SP6,SRR8594667,Single
SP6,SRR8594668,Single
SP6,SRR8594669,Single
SP6,SRR8594670,Single
SP6,SRR8594671,Single
SP6,SRR8594672,Single
SP6,SRR8594673,Single
SP6,SRR8594674,Single
SP6,SRR8594675,Single
SP6,SRR8594676,Single
SP6,SRR8594677,Single
SP6,SRR8594678,Single
SP6,SRR8594679,Single
SP6,SRR8594680,Single
SP6,SRR8594681,Single
SP6,SRR8594682,Single
SP6,SRR8594683,Single
SP6,SRR8594684,Single
SP6,SRR8594685,Single
SP6,SRR8594686,Single
SP6,SRR8594687,Single
SP6,SRR8594688,Single
SP6,SRR8594689,Single
SP6,SRR8594690,Single
SP6,SRR8594691,Single
SP6,SRR8594692,Single
SP6,SRR8594693,Single
SP6,SRR8594694,Single
SP6,SRR8594695,Single
SP6,SRR8594696,Single
SP6,SRR8594697,Single
SP6,SRR8594698,Single
SP6,SRR8594699,Single
SP6,SRR8594700,Single
SP6,SRR8594701,Single
SP6,SRR8594702,Single
SP6,SRR8594703,Single
SP6,SRR8594704,Single
SP6,SRR8594705,Single
SP6,SRR8594707,Single
SP6,SRR8594708,Single
SP6,SRR8594709,Single
SP6,SRR8594710,Single
SP6,SRR8594711,Single
SP6,SRR8594712,Single
SP6,SRR8594713,Single
SP6,SRR8594714,Single
SP6,SRR8594715,Single
SP6,SRR8594716,Single
SP6,SRR8594717,Single
SP6,SRR8594718,Single
SP6,SRR8594719,Single
SP6,SRR8594720,Single
SP6,SRR8594721,Single
SP6,SRR8594722,Single
SP6,SRR8594723,Single
SP6,SRR8594724,Single
SP6,SRR8594725,Single
SP6,SRR8594726,Single
SP6,SRR8594727,Single
SP6,SRR8594728,Single
SP6,SRR8594729,Single
SP6,SRR8594730,Single
SP6,SRR8594731,Single
SP6,SRR8594732,Single
SP6,SRR8594733,Single
SP6,SRR8594734,Single
SP6,SRR8594735,Single
SP6,SRR8594736,Single
SP6,SRR8594737,Single
SP6,SRR8594738,Single
SP6,SRR8594739,Single
SP6,SRR8594740,Single
,SRR8594741,Single
SP6,SRR8594742,Single
SP6,SRR8594743,Single
SP6,SRR8594744,Single
SP6,SRR8594745,Single
SP6,SRR8594746,Single
SP6,SRR8594747,Single
SP6,SRR8594748,Single
SP6,SRR8594749,Single
SP6,SRR8594750,Single
SP6,SRR8594751,Single
SP6,SRR8594752,Single
SP6,SRR8594753,Single
SP6,SRR8594754,Single
SP6,SRR8594755,Single
SP6,SRR8594756,Single
SP6,SRR8594757,Single
SP6,SRR8594758,Single
AB17,ERR4910736,Single
AB17,ERR4910740,Single
AB17,ERR4910741,Single
AB17,ERR4910742,Single
AB17,ERR4910744,Single
AB17,ERR4910745,Single
AB17,ERR4910747,Single
AB17,ERR4910748,Single
AB17,ERR4910750,Single
AB17,ERR4910751,Single
AB17,ERR4910753,Single
AB17,ERR4910754,Single
AB17,ERR4910755,Single
AB17,ERR4910758,Single
AB17,ERR4910759,Single
AB17,ERR4910760,Single
AB17,ERR4910761,Single
AB17,ERR4910762,Single
AB17,ERR4910763,Single
AB17,ERR4910770,Single
AB17,ERR4910772,Single
AB17,ERR4910774,Single
AB17,ERR4910777,Single
AB17,ERR4910778,Single
AB17,ERR4910781,Single
AB17,ERR4910785,Single
AB17,ERR4910788,Single
AB17,ERR4910789,Single
AB17,ERR4910791,Single
AB17,ERR4910793,Single
AB17,ERR4910795,Single
AB17,ERR4910797,Single
AB17,ERR4910799,Single
AB17,ERR4910801,Single
AB17,ERR4910802,Single
AB17,ERR4910804,Single
AB17,ERR4910806,Single
AB17,ERR4910809,Single
AB17,ERR4910811,Single
AB17,ERR4910812,Single
AB17,ERR4910813,Single
AB17,ERR4910814,Single
AB17,ERR4910815,Single
AB17,ERR4910817,Single
AB17,ERR4910819,Single
AB17,ERR4910820,Single
AB17,ERR4910821,Single
AB17,ERR4910822,Single
AB17,ERR4910825,Single
AB17,ERR4910826,Single
AB17,ERR4910827,Single
AB17,ERR4910829,Single
AB17,ERR4910831,Single
AB17,ERR4910838,Single
AB17,ERR4910842,Single
AB17,ERR4910845,Single
AB17,ERR4910846,Single
AB17,ERR4910847,Single
AB17,ERR4910876,Single
AB17,ERR4910877,Single
AB17,ERR4910880,Single
AB17,ERR4910883,Single
AB17,ERR4910885,Single
AB17,ERR4910890,Single
AB17,ERR4910894,Single
AB17,ERR4910898,Single
AB17,ERR4910908,Single
AB17,ERR4910910,Single
AB17,ERR4910912,Single
AB17,ERR4910914,Single
AB17,ERR4910918,Single
AB17,ERR4910920,Single
AB17,ERR4910922,Single
AB17,ERR4910924,Single
AB17,ERR4910926,Single
AB17,ERR4910927,Single
AB17,ERR4910929,Single
AB17,ERR4910931,Single
AB17,ERR4910933,Single
AB17,ERR4910939,Single
AB17,ERR4910941,Single
AB17,ERR4910947,Single
AB17,ERR4910952,Single
AB17,ERR4910953,Single
AB17,ERR4910955,Single
AB17,ERR4910956,Single
AB17,ERR4910959,Single
AB17,ERR4910960,Single
AB17,ERR4910961,Single
AB17,ERR4910964,Single
AB17,ERR4910967,Single
AB17,ERR4910969,Single
AB17,ERR4910972,Single
AB17,ERR4910973,Single
AB17,ERR4910975,Single
AB17,ERR4910977,Single
AB17,ERR4910978,Single
AB17,ERR4910981,Single
AB17,ERR4910983,Single
AB17,ERR4910984,Single
AB17,ERR4910985,Single
AB17,ERR4910987,Single
AB17,ERR4910988,Single
AB17,ERR4910989,Single
AB17,ERR4910990,Single
AB17,ERR4910991,Single
AB17,ERR4910992,Single
AB17,ERR4910993,Single
AB17,ERR4910994,Single
AB17,ERR4910998,Single
AB17,ERR4910999,Single
AB17,ERR4911000,Single
AB17,ERR4911001,Single
AB17,ERR4911002,Single
AB17,ERR4911004,Single
AB17,ERR4911005,Single
AB17,ERR4911008,Single
AB17,ERR4911011,Single
AB17,ERR4911015,Single
AB17,ERR4911017,Single
AB17,ERR4910733,Single
AB17,ERR4910735,Single
AB17,ERR4910737,Single
AB17,ERR4910739,Single
AB17,ERR4910746,Single
AB17,ERR4910749,Single
AB17,ERR4910752,Single
AB17,ERR4910756,Single
AB17,ERR4910764,Single
AB17,ERR4910765,Single
AB17,ERR4910766,Single
AB17,ERR4910767,Single
AB17,ERR4910768,Single
AB17,ERR4910769,Single
AB17,ERR4910771,Single
AB17,ERR4910773,Single
AB17,ERR4910775,Single
AB17,ERR4910776,Single
AB17,ERR4910779,Single
AB17,ERR4910780,Single
AB17,ERR4910782,Single
AB17,ERR4910783,Single
AB17,ERR4910784,Single
AB17,ERR4910786,Single
AB17,ERR4910787,Single
AB17,ERR4910790,Single
AB17,ERR4910792,Single
AB17,ERR4910794,Single
AB17,ERR4910796,Single
AB17,ERR4910798,Single
AB17,ERR4910800,Single
AB17,ERR4910803,Single
AB17,ERR4910805,Single
AB17,ERR4910807,Single
AB17,ERR4910808,Single
AB17,ERR4910810,Single
AB17,ERR4910816,Single
AB17,ERR4910818,Single
AB17,ERR4910823,Single
AB17,ERR4910824,Single
AB17,ERR4910828,Single
AB17,ERR4910830,Single
AB17,ERR4910832,Single
AB17,ERR4910833,Single
AB17,ERR4910835,Single
AB17,ERR4910836,Single
AB17,ERR4910837,Single
AB17,ERR4910839,Single
AB17,ERR4910840,Single
AB17,ERR4910841,Single
AB17,ERR4910843,Single
AB17,ERR4910844,Single
AB17,ERR4910848,Single
AB17,ERR4910879,Single
AB17,ERR4910881,Single
AB17,ERR4910882,Single
AB17,ERR4910884,Single
AB17,ERR4910886,Single
AB17,ERR4910887,Single
AB17,ERR4910888,Single
AB17,ERR4910891,Single
AB17,ERR4910892,Single
AB17,ERR4910893,Single
AB17,ERR4910895,Single
AB17,ERR4910897,Single
AB17,ERR4910900,Single
AB17,ERR4910911,Single
AB17,ERR4910913,Single
AB17,ERR4910915,Single
AB17,ERR4910917,Single
AB17,ERR4910919,Single
AB17,ERR4910921,Single
AB17,ERR4910923,Single
AB17,ERR4910925,Single
AB17,ERR4910928,Single
AB17,ERR4910930,Single
AB17,ERR4910932,Single
AB17,ERR4910934,Single
AB17,ERR4910935,Single
AB17,ERR4910936,Single
AB17,ERR4910937,Single
AB17,ERR4910938,Single
AB17,ERR4910940,Single
AB17,ERR4910942,Single
AB17,ERR4910943,Single
AB17,ERR4910944,Single
AB17,ERR4910945,Single
AB17,ERR4910946,Single
AB17,ERR4910948,Single
AB17,ERR4910949,Single
AB17,ERR4910950,Single
AB17,ERR4910951,Single
AB17,ERR4910954,Single
AB17,ERR4910957,Single
AB17,ERR4910958,Single
AB17,ERR4910962,Single
AB17,ERR4910963,Single
AB17,ERR4910965,Single
AB17,ERR4910966,Single
AB17,ERR4910968,Single
AB17,ERR4910970,Single
AB17,ERR4910971,Single
AB17,ERR4910974,Single
AB17,ERR4910976,Single
AB17,ERR4910979,Single
AB17,ERR4910980,Single
AB17,ERR4910982,Single
AB17,ERR4910986,Single
AB17,ERR4910995,Single
AB17,ERR4910996,Single
AB17,ERR4910997,Single
AB17,ERR4911003,Single
AB17,ERR4911006,Single
AB17,ERR4911007,Single
AB17,ERR4911009,Single
AB17,ERR4911010,Single
AB17,ERR4911012,Single
AB17,ERR4911013,Single
AB17,ERR4911014,Single
AB17,ERR4911016,Single
AB17,ERR4911018,Single
AH19,SRR9822494,Single
AH19,SRR9822495,Single
AH19,SRR9822496,Single
AH19,SRR9822499,Single
AH19,SRR9822500,Single
AH19,SRR9822501,Single
AH19,SRR9822502,Single
AH19,SRR9822503,Single
AH19,SRR9822504,Single
AH19,SRR9822505,Single
AH19,SRR9822506,Single
AH19,SRR9822507,Single
AH19,SRR9822510,Single
AH19,SRR9822512,Single
AH19,SRR9822513,Single
AH19,SRR9822514,Single
AH19,SRR9822515,Single
AH19,SRR9822516,Single
AH19,SRR9822517,Single
AH19,SRR9822518,Single
AH19,SRR9822519,Single
AH19,SRR9822520,Single
AH19,SRR9822521,Single
AH19,SRR9822522,Single
AH19,SRR9822523,Single
AH19,SRR9822524,Single
AH19,SRR9822525,Single
XZ29,SRR9940699,Single
XZ29,SRR9940700,Single
XZ29,SRR9940701,Single
MW5,ERR3089297,Single
MW5,ERR3089298,Single
MW5,ERR3089299,Single
MW5,ERR3089300,Single
MW5,ERR3089301,Single
MW5,ERR3089302,Single
MW5,ERR3089303,Single
MW5,ERR3089304,Single
MW5,ERR3089305,Single
MW5,ERR3089306,Single
MW5,ERR3089307,Single
MW5,ERR3089308,Single
MW5,ERR3089309,Single
MW5,ERR3089310,Single
MW5,ERR3089311,Single
MW5,ERR3089312,Single
MW5,ERR3089313,Single
MW5,ERR3089314,Single
MW5,ERR3089315,Single
MW5,ERR3089316,Single
MW5,ERR3089317,Single
MW5,ERR3089318,Single
MW5,ERR3089319,Single
MW5,ERR3089320,Single
MW5,ERR3089321,Single
MW5,ERR3089322,Single
MW5,ERR3089323,Single
MW5,ERR3089324,Single
MW5,ERR3089325,Single
MW5,ERR3089326,Single
MW5,ERR3089327,Single
MW5,ERR3089328,Single
MW5,ERR3089329,Single
MW5,ERR3089330,Single
MW5,ERR3089331,Single
MW5,ERR3089332,Single
MW5,ERR3089333,Single
MW5,ERR3089334,Single
MW5,ERR3089335,Single
MW5,ERR3089336,Single
MW5,ERR3089337,Single
MW5,ERR3089338,Single
MW5,ERR3089339,Single
MW5,ERR3089340,Single
MW5,ERR3089341,Single
MW5,ERR3089342,Single
MW5,ERR3089343,Single
MW5,ERR3089344,Single
MW5,ERR3089345,Single
MW5,ERR3089346,Single
MW5,ERR3089419,Single
MW5,ERR3089420,Single
MW5,ERR3089421,Single
MW5,ERR3089422,Single
MW5,ERR3089423,Single
MW5,ERR3089424,Single
MW5,ERR3089425,Single
MW5,ERR3089426,Single
MW5,ERR3089427,Single
MW5,ERR3089428,Single
MW5,ERR3089429,Single
MW5,ERR3089430,Single
MW5,ERR3089431,Single
MW5,ERR3089432,Single
MW5,ERR3089433,Single
MW5,ERR3089434,Single
MW5,ERR3089435,Single
MW5,ERR3089436,Single
MW5,ERR3089437,Single
MW5,ERR3089438,Single
MW5,ERR3089439,Single
MW5,ERR3089440,Single
MW5,ERR3089441,Single
MW5,ERR3089442,Single
MW5,ERR3089443,Single
MW5,ERR3089444,Single
MW5,ERR3089445,Single
MW5,ERR3089446,Single
MW5,ERR3089447,Single
MW5,ERR3089448,Single
MW5,ERR3089449,Single
MW5,ERR3089450,Single
MW5,ERR3089451,Single
MW5,ERR3089452,Single
MW5,ERR3089453,Single
MW5,ERR3089454,Single
MW5,ERR3089455,Single
MW5,ERR3089456,Single
MW5,ERR3089457,Single
MW5,ERR3089458,Single
MW5,ERR3089459,Single
MW5,ERR3089460,Single
MW5,ERR3089461,Single
MW5,ERR3089462,Single
MW5,ERR3089463,Single
MW5,ERR3089464,Single
MW5,ERR3089465,Single
MW5,ERR3089466,Single
MW5,ERR3089467,Single
MW5,ERR3089468,Single